Copyright 1986-2022 Xilinx, Inc. All Rights Reserved. Copyright 2022-2025 Advanced Micro Devices, Inc. All Rights Reserved.
---------------------------------------------------------------------------------------------------------------------------------------------------------------------------------------------------------------------------------------------
| Tool Version : Vivado v.2025.2 (win64) Build 6299465 Fri Nov 14 19:35:11 GMT 2025
| Date         : Mon Sep  7 13:25:54 2026
| Host         : Shinobi running 64-bit major release  (build 9200)
| Command      : report_timing_summary -max_paths 10 -routable_nets -report_unconstrained -file novaNexysA7_timing_summary_routed.rpt -pb novaNexysA7_timing_summary_routed.pb -rpx novaNexysA7_timing_summary_routed.rpx -warn_on_violation
| Design       : novaNexysA7
| Device       : 7a100t-csg324
| Speed File   : -1  PRODUCTION 1.23 2018-06-13
| Design State : Routed
---------------------------------------------------------------------------------------------------------------------------------------------------------------------------------------------------------------------------------------------

Timing Summary Report

------------------------------------------------------------------------------------------------
| Timer Settings
| --------------
------------------------------------------------------------------------------------------------

  Enable Multi Corner Analysis               :  Yes
  Enable Pessimism Removal                   :  Yes
  Pessimism Removal Resolution               :  Nearest Common Node
  Enable Input Delay Default Clock           :  No
  Enable Preset / Clear Arcs                 :  No
  Disable Flight Delays                      :  No
  Ignore I/O Paths                           :  No
  Timing Early Launch at Borrowing Latches   :  No
  Borrow Time for Max Delay Exceptions       :  Yes
  Merge Timing Exceptions                    :  Yes
  Inter-SLR Compensation                     :  Conservative

  Corner  Analyze    Analyze    
  Name    Max Paths  Min Paths  
  ------  ---------  ---------  
  Slow    Yes        Yes        
  Fast    Yes        Yes        


------------------------------------------------------------------------------------------------
| Report Methodology
| ------------------
------------------------------------------------------------------------------------------------

No report available as report_methodology has not been run prior. Run report_methodology on the current design for the summary of methodology violations.



check_timing report

Table of Contents
-----------------
1. checking no_clock (0)
2. checking constant_clock (0)
3. checking pulse_width_clock (0)
4. checking unconstrained_internal_endpoints (0)
5. checking no_input_delay (5)
6. checking no_output_delay (32)
7. checking multiple_clock (0)
8. checking generated_clocks (0)
9. checking loops (0)
10. checking partial_input_delay (0)
11. checking partial_output_delay (0)
12. checking latch_loops (0)

1. checking no_clock (0)
------------------------
 There are 0 register/latch pins with no clock.


2. checking constant_clock (0)
------------------------------
 There are 0 register/latch pins with constant_clock.


3. checking pulse_width_clock (0)
---------------------------------
 There are 0 register/latch pins which need pulse_width check


4. checking unconstrained_internal_endpoints (0)
------------------------------------------------
 There are 0 pins that are not constrained for maximum delay.

 There are 0 pins that are not constrained for maximum delay due to constant clock.


5. checking no_input_delay (5)
------------------------------
 There are 0 input ports with no input delay specified.

 There are 5 input ports with no input delay but user has a false path constraint. (MEDIUM)


6. checking no_output_delay (32)
--------------------------------
 There are 0 ports with no output delay specified.

 There are 32 ports with no output delay but user has a false path constraint (MEDIUM)

 There are 0 ports with no output delay but with a timing clock defined on it or propagating through it


7. checking multiple_clock (0)
------------------------------
 There are 0 register/latch pins with multiple clocks.


8. checking generated_clocks (0)
--------------------------------
 There are 0 generated clocks that are not connected to a clock source.


9. checking loops (0)
---------------------
 There are 0 combinational loops in the design.


10. checking partial_input_delay (0)
------------------------------------
 There are 0 input ports with partial input delay specified.


11. checking partial_output_delay (0)
-------------------------------------
 There are 0 ports with partial output delay specified.


12. checking latch_loops (0)
----------------------------
 There are 0 combinational latch loops in the design through latch input



------------------------------------------------------------------------------------------------
| Design Timing Summary
| ---------------------
------------------------------------------------------------------------------------------------

    WNS(ns)      TNS(ns)  TNS Failing Endpoints  TNS Total Endpoints      WHS(ns)      THS(ns)  THS Failing Endpoints  THS Total Endpoints     WPWS(ns)     TPWS(ns)  TPWS Failing Endpoints  TPWS Total Endpoints  
    -------      -------  ---------------------  -------------------      -------      -------  ---------------------  -------------------     --------     --------  ----------------------  --------------------  
      5.033        0.000                      0                  310        0.037        0.000                      0                  310        4.500        0.000                       0                   135  


All user specified timing constraints are met.


------------------------------------------------------------------------------------------------
| Clock Summary
| -------------
------------------------------------------------------------------------------------------------

Clock        Waveform(ns)       Period(ns)      Frequency(MHz)
-----        ------------       ----------      --------------
board_clock  {0.000 5.000}      10.000          100.000         


------------------------------------------------------------------------------------------------
| Intra Clock Table
| -----------------
------------------------------------------------------------------------------------------------

Clock             WNS(ns)      TNS(ns)  TNS Failing Endpoints  TNS Total Endpoints      WHS(ns)      THS(ns)  THS Failing Endpoints  THS Total Endpoints     WPWS(ns)     TPWS(ns)  TPWS Failing Endpoints  TPWS Total Endpoints  
-----             -------      -------  ---------------------  -------------------      -------      -------  ---------------------  -------------------     --------     --------  ----------------------  --------------------  
board_clock         5.033        0.000                      0                  310        0.037        0.000                      0                  310        4.500        0.000                       0                   135  


------------------------------------------------------------------------------------------------
| Inter Clock Table
| -----------------
------------------------------------------------------------------------------------------------

From Clock    To Clock          WNS(ns)      TNS(ns)  TNS Failing Endpoints  TNS Total Endpoints      WHS(ns)      THS(ns)  THS Failing Endpoints  THS Total Endpoints  
----------    --------          -------      -------  ---------------------  -------------------      -------      -------  ---------------------  -------------------  


------------------------------------------------------------------------------------------------
| Other Path Groups Table
| -----------------------
------------------------------------------------------------------------------------------------

Path Group    From Clock    To Clock          WNS(ns)      TNS(ns)  TNS Failing Endpoints  TNS Total Endpoints      WHS(ns)      THS(ns)  THS Failing Endpoints  THS Total Endpoints  
----------    ----------    --------          -------      -------  ---------------------  -------------------      -------      -------  ---------------------  -------------------  


------------------------------------------------------------------------------------------------
| User Ignored Path Table
| -----------------------
------------------------------------------------------------------------------------------------

Path Group    From Clock    To Clock    
----------    ----------    --------    
(none)        board_clock                 
(none)                      board_clock   


------------------------------------------------------------------------------------------------
| Unconstrained Path Table
| ------------------------
------------------------------------------------------------------------------------------------

Path Group    From Clock    To Clock    
----------    ----------    --------    


------------------------------------------------------------------------------------------------
| Timing Details
| --------------
------------------------------------------------------------------------------------------------


---------------------------------------------------------------------------------------------------
From Clock:  board_clock
  To Clock:  board_clock

Setup :            0  Failing Endpoints,  Worst Slack        5.033ns,  Total Violation        0.000ns
Hold  :            0  Failing Endpoints,  Worst Slack        0.037ns,  Total Violation        0.000ns
PW    :            0  Failing Endpoints,  Worst Slack        4.500ns,  Total Violation        0.000ns
---------------------------------------------------------------------------------------------------


Max Delay Paths
--------------------------------------------------------------------------------------
Slack (MET) :             5.033ns  (required time - arrival time)
  Source:                 automaticCounter_reg[7]/C
                            (rising edge-triggered cell FDRE clocked by board_clock  {rise@0.000ns fall@5.000ns period=10.000ns})
  Destination:            automaticCounter_reg[0]/R
                            (rising edge-triggered cell FDRE clocked by board_clock  {rise@0.000ns fall@5.000ns period=10.000ns})
  Path Group:             board_clock
  Path Type:              Setup (Max at Slow Process Corner)
  Requirement:            10.000ns  (board_clock rise@10.000ns - board_clock rise@0.000ns)
  Data Path Delay:        4.269ns  (logic 1.071ns (25.086%)  route 3.198ns (74.914%))
  Logic Levels:           5  (LUT3=1 LUT5=2 LUT6=2)
  Clock Path Skew:        -0.025ns (DCD - SCD + CPR)
    Destination Clock Delay (DCD):    4.928ns = ( 14.928 - 10.000 ) 
    Source Clock Delay      (SCD):    5.229ns
    Clock Pessimism Removal (CPR):    0.276ns
  Clock Uncertainty:      0.035ns  ((TSJ^2 + TIJ^2)^1/2 + DJ) / 2 + PE
    Total System Jitter     (TSJ):    0.071ns
    Total Input Jitter      (TIJ):    0.000ns
    Discrete Jitter          (DJ):    0.000ns
    Phase Error              (PE):    0.000ns

    Location             Delay type                Incr(ns)  Path(ns)    Netlist Resource(s)
  -------------------------------------------------------------------    -------------------
                         (clock board_clock rise edge)
                                                      0.000     0.000 r  
    E3                                                0.000     0.000 r  CLK100MHZ (IN)
                         net (fo=0)                   0.000     0.000    CLK100MHZ
    E3                   IBUF (Prop_ibuf_I_O)         1.482     1.482 r  CLK100MHZ_IBUF_inst/O
                         net (fo=2, routed)           2.025     3.506    CLK100MHZ_IBUF
    BUFGCTRL_X0Y16       BUFG (Prop_bufg_I_O)         0.096     3.602 r  CLK100MHZ_IBUF_BUFG_inst/O
                         net (fo=77, routed)          1.626     5.229    CLK100MHZ_IBUF_BUFG
    SLICE_X53Y98         FDRE                                         r  automaticCounter_reg[7]/C
  -------------------------------------------------------------------    -------------------
    SLICE_X53Y98         FDRE (Prop_fdre_C_Q)         0.456     5.685 r  automaticCounter_reg[7]/Q
                         net (fo=2, routed)           0.828     6.512    automaticCounter_reg[7]
    SLICE_X52Y99         LUT5 (Prop_lut5_I1_O)        0.124     6.636 r  automaticCounter[0]_i_9/O
                         net (fo=1, routed)           0.303     6.939    automaticCounter[0]_i_9_n_0
    SLICE_X52Y98         LUT5 (Prop_lut5_I4_O)        0.124     7.063 r  automaticCounter[0]_i_7/O
                         net (fo=1, routed)           0.424     7.487    automaticCounter[0]_i_7_n_0
    SLICE_X52Y100        LUT6 (Prop_lut6_I0_O)        0.124     7.611 f  automaticCounter[0]_i_6/O
                         net (fo=1, routed)           0.300     7.911    automaticCounter[0]_i_6_n_0
    SLICE_X52Y101        LUT6 (Prop_lut6_I4_O)        0.124     8.035 r  automaticCounter[0]_i_3/O
                         net (fo=2, routed)           0.441     8.476    automaticCounter[0]_i_3_n_0
    SLICE_X52Y101        LUT3 (Prop_lut3_I0_O)        0.119     8.595 r  automaticCounter[0]_i_1/O
                         net (fo=26, routed)          0.903     9.498    automaticCounter[0]_i_1_n_0
    SLICE_X53Y97         FDRE                                         r  automaticCounter_reg[0]/R
  -------------------------------------------------------------------    -------------------

                         (clock board_clock rise edge)
                                                     10.000    10.000 r  
    E3                                                0.000    10.000 r  CLK100MHZ (IN)
                         net (fo=0)                   0.000    10.000    CLK100MHZ
    E3                   IBUF (Prop_ibuf_I_O)         1.411    11.411 r  CLK100MHZ_IBUF_inst/O
                         net (fo=2, routed)           1.920    13.331    CLK100MHZ_IBUF
    BUFGCTRL_X0Y16       BUFG (Prop_bufg_I_O)         0.091    13.422 r  CLK100MHZ_IBUF_BUFG_inst/O
                         net (fo=77, routed)          1.505    14.928    CLK100MHZ_IBUF_BUFG
    SLICE_X53Y97         FDRE                                         r  automaticCounter_reg[0]/C
                         clock pessimism              0.276    15.204    
                         clock uncertainty           -0.035    15.168    
    SLICE_X53Y97         FDRE (Setup_fdre_C_R)       -0.637    14.531    automaticCounter_reg[0]
  -------------------------------------------------------------------
                         required time                         14.531    
                         arrival time                          -9.498    
  -------------------------------------------------------------------
                         slack                                  5.033    

Slack (MET) :             5.033ns  (required time - arrival time)
  Source:                 automaticCounter_reg[7]/C
                            (rising edge-triggered cell FDRE clocked by board_clock  {rise@0.000ns fall@5.000ns period=10.000ns})
  Destination:            automaticCounter_reg[1]/R
                            (rising edge-triggered cell FDRE clocked by board_clock  {rise@0.000ns fall@5.000ns period=10.000ns})
  Path Group:             board_clock
  Path Type:              Setup (Max at Slow Process Corner)
  Requirement:            10.000ns  (board_clock rise@10.000ns - board_clock rise@0.000ns)
  Data Path Delay:        4.269ns  (logic 1.071ns (25.086%)  route 3.198ns (74.914%))
  Logic Levels:           5  (LUT3=1 LUT5=2 LUT6=2)
  Clock Path Skew:        -0.025ns (DCD - SCD + CPR)
    Destination Clock Delay (DCD):    4.928ns = ( 14.928 - 10.000 ) 
    Source Clock Delay      (SCD):    5.229ns
    Clock Pessimism Removal (CPR):    0.276ns
  Clock Uncertainty:      0.035ns  ((TSJ^2 + TIJ^2)^1/2 + DJ) / 2 + PE
    Total System Jitter     (TSJ):    0.071ns
    Total Input Jitter      (TIJ):    0.000ns
    Discrete Jitter          (DJ):    0.000ns
    Phase Error              (PE):    0.000ns

    Location             Delay type                Incr(ns)  Path(ns)    Netlist Resource(s)
  -------------------------------------------------------------------    -------------------
                         (clock board_clock rise edge)
                                                      0.000     0.000 r  
    E3                                                0.000     0.000 r  CLK100MHZ (IN)
                         net (fo=0)                   0.000     0.000    CLK100MHZ
    E3                   IBUF (Prop_ibuf_I_O)         1.482     1.482 r  CLK100MHZ_IBUF_inst/O
                         net (fo=2, routed)           2.025     3.506    CLK100MHZ_IBUF
    BUFGCTRL_X0Y16       BUFG (Prop_bufg_I_O)         0.096     3.602 r  CLK100MHZ_IBUF_BUFG_inst/O
                         net (fo=77, routed)          1.626     5.229    CLK100MHZ_IBUF_BUFG
    SLICE_X53Y98         FDRE                                         r  automaticCounter_reg[7]/C
  -------------------------------------------------------------------    -------------------
    SLICE_X53Y98         FDRE (Prop_fdre_C_Q)         0.456     5.685 r  automaticCounter_reg[7]/Q
                         net (fo=2, routed)           0.828     6.512    automaticCounter_reg[7]
    SLICE_X52Y99         LUT5 (Prop_lut5_I1_O)        0.124     6.636 r  automaticCounter[0]_i_9/O
                         net (fo=1, routed)           0.303     6.939    automaticCounter[0]_i_9_n_0
    SLICE_X52Y98         LUT5 (Prop_lut5_I4_O)        0.124     7.063 r  automaticCounter[0]_i_7/O
                         net (fo=1, routed)           0.424     7.487    automaticCounter[0]_i_7_n_0
    SLICE_X52Y100        LUT6 (Prop_lut6_I0_O)        0.124     7.611 f  automaticCounter[0]_i_6/O
                         net (fo=1, routed)           0.300     7.911    automaticCounter[0]_i_6_n_0
    SLICE_X52Y101        LUT6 (Prop_lut6_I4_O)        0.124     8.035 r  automaticCounter[0]_i_3/O
                         net (fo=2, routed)           0.441     8.476    automaticCounter[0]_i_3_n_0
    SLICE_X52Y101        LUT3 (Prop_lut3_I0_O)        0.119     8.595 r  automaticCounter[0]_i_1/O
                         net (fo=26, routed)          0.903     9.498    automaticCounter[0]_i_1_n_0
    SLICE_X53Y97         FDRE                                         r  automaticCounter_reg[1]/R
  -------------------------------------------------------------------    -------------------

                         (clock board_clock rise edge)
                                                     10.000    10.000 r  
    E3                                                0.000    10.000 r  CLK100MHZ (IN)
                         net (fo=0)                   0.000    10.000    CLK100MHZ
    E3                   IBUF (Prop_ibuf_I_O)         1.411    11.411 r  CLK100MHZ_IBUF_inst/O
                         net (fo=2, routed)           1.920    13.331    CLK100MHZ_IBUF
    BUFGCTRL_X0Y16       BUFG (Prop_bufg_I_O)         0.091    13.422 r  CLK100MHZ_IBUF_BUFG_inst/O
                         net (fo=77, routed)          1.505    14.928    CLK100MHZ_IBUF_BUFG
    SLICE_X53Y97         FDRE                                         r  automaticCounter_reg[1]/C
                         clock pessimism              0.276    15.204    
                         clock uncertainty           -0.035    15.168    
    SLICE_X53Y97         FDRE (Setup_fdre_C_R)       -0.637    14.531    automaticCounter_reg[1]
  -------------------------------------------------------------------
                         required time                         14.531    
                         arrival time                          -9.498    
  -------------------------------------------------------------------
                         slack                                  5.033    

Slack (MET) :             5.033ns  (required time - arrival time)
  Source:                 automaticCounter_reg[7]/C
                            (rising edge-triggered cell FDRE clocked by board_clock  {rise@0.000ns fall@5.000ns period=10.000ns})
  Destination:            automaticCounter_reg[2]/R
                            (rising edge-triggered cell FDRE clocked by board_clock  {rise@0.000ns fall@5.000ns period=10.000ns})
  Path Group:             board_clock
  Path Type:              Setup (Max at Slow Process Corner)
  Requirement:            10.000ns  (board_clock rise@10.000ns - board_clock rise@0.000ns)
  Data Path Delay:        4.269ns  (logic 1.071ns (25.086%)  route 3.198ns (74.914%))
  Logic Levels:           5  (LUT3=1 LUT5=2 LUT6=2)
  Clock Path Skew:        -0.025ns (DCD - SCD + CPR)
    Destination Clock Delay (DCD):    4.928ns = ( 14.928 - 10.000 ) 
    Source Clock Delay      (SCD):    5.229ns
    Clock Pessimism Removal (CPR):    0.276ns
  Clock Uncertainty:      0.035ns  ((TSJ^2 + TIJ^2)^1/2 + DJ) / 2 + PE
    Total System Jitter     (TSJ):    0.071ns
    Total Input Jitter      (TIJ):    0.000ns
    Discrete Jitter          (DJ):    0.000ns
    Phase Error              (PE):    0.000ns

    Location             Delay type                Incr(ns)  Path(ns)    Netlist Resource(s)
  -------------------------------------------------------------------    -------------------
                         (clock board_clock rise edge)
                                                      0.000     0.000 r  
    E3                                                0.000     0.000 r  CLK100MHZ (IN)
                         net (fo=0)                   0.000     0.000    CLK100MHZ
    E3                   IBUF (Prop_ibuf_I_O)         1.482     1.482 r  CLK100MHZ_IBUF_inst/O
                         net (fo=2, routed)           2.025     3.506    CLK100MHZ_IBUF
    BUFGCTRL_X0Y16       BUFG (Prop_bufg_I_O)         0.096     3.602 r  CLK100MHZ_IBUF_BUFG_inst/O
                         net (fo=77, routed)          1.626     5.229    CLK100MHZ_IBUF_BUFG
    SLICE_X53Y98         FDRE                                         r  automaticCounter_reg[7]/C
  -------------------------------------------------------------------    -------------------
    SLICE_X53Y98         FDRE (Prop_fdre_C_Q)         0.456     5.685 r  automaticCounter_reg[7]/Q
                         net (fo=2, routed)           0.828     6.512    automaticCounter_reg[7]
    SLICE_X52Y99         LUT5 (Prop_lut5_I1_O)        0.124     6.636 r  automaticCounter[0]_i_9/O
                         net (fo=1, routed)           0.303     6.939    automaticCounter[0]_i_9_n_0
    SLICE_X52Y98         LUT5 (Prop_lut5_I4_O)        0.124     7.063 r  automaticCounter[0]_i_7/O
                         net (fo=1, routed)           0.424     7.487    automaticCounter[0]_i_7_n_0
    SLICE_X52Y100        LUT6 (Prop_lut6_I0_O)        0.124     7.611 f  automaticCounter[0]_i_6/O
                         net (fo=1, routed)           0.300     7.911    automaticCounter[0]_i_6_n_0
    SLICE_X52Y101        LUT6 (Prop_lut6_I4_O)        0.124     8.035 r  automaticCounter[0]_i_3/O
                         net (fo=2, routed)           0.441     8.476    automaticCounter[0]_i_3_n_0
    SLICE_X52Y101        LUT3 (Prop_lut3_I0_O)        0.119     8.595 r  automaticCounter[0]_i_1/O
                         net (fo=26, routed)          0.903     9.498    automaticCounter[0]_i_1_n_0
    SLICE_X53Y97         FDRE                                         r  automaticCounter_reg[2]/R
  -------------------------------------------------------------------    -------------------

                         (clock board_clock rise edge)
                                                     10.000    10.000 r  
    E3                                                0.000    10.000 r  CLK100MHZ (IN)
                         net (fo=0)                   0.000    10.000    CLK100MHZ
    E3                   IBUF (Prop_ibuf_I_O)         1.411    11.411 r  CLK100MHZ_IBUF_inst/O
                         net (fo=2, routed)           1.920    13.331    CLK100MHZ_IBUF
    BUFGCTRL_X0Y16       BUFG (Prop_bufg_I_O)         0.091    13.422 r  CLK100MHZ_IBUF_BUFG_inst/O
                         net (fo=77, routed)          1.505    14.928    CLK100MHZ_IBUF_BUFG
    SLICE_X53Y97         FDRE                                         r  automaticCounter_reg[2]/C
                         clock pessimism              0.276    15.204    
                         clock uncertainty           -0.035    15.168    
    SLICE_X53Y97         FDRE (Setup_fdre_C_R)       -0.637    14.531    automaticCounter_reg[2]
  -------------------------------------------------------------------
                         required time                         14.531    
                         arrival time                          -9.498    
  -------------------------------------------------------------------
                         slack                                  5.033    

Slack (MET) :             5.033ns  (required time - arrival time)
  Source:                 automaticCounter_reg[7]/C
                            (rising edge-triggered cell FDRE clocked by board_clock  {rise@0.000ns fall@5.000ns period=10.000ns})
  Destination:            automaticCounter_reg[3]/R
                            (rising edge-triggered cell FDRE clocked by board_clock  {rise@0.000ns fall@5.000ns period=10.000ns})
  Path Group:             board_clock
  Path Type:              Setup (Max at Slow Process Corner)
  Requirement:            10.000ns  (board_clock rise@10.000ns - board_clock rise@0.000ns)
  Data Path Delay:        4.269ns  (logic 1.071ns (25.086%)  route 3.198ns (74.914%))
  Logic Levels:           5  (LUT3=1 LUT5=2 LUT6=2)
  Clock Path Skew:        -0.025ns (DCD - SCD + CPR)
    Destination Clock Delay (DCD):    4.928ns = ( 14.928 - 10.000 ) 
    Source Clock Delay      (SCD):    5.229ns
    Clock Pessimism Removal (CPR):    0.276ns
  Clock Uncertainty:      0.035ns  ((TSJ^2 + TIJ^2)^1/2 + DJ) / 2 + PE
    Total System Jitter     (TSJ):    0.071ns
    Total Input Jitter      (TIJ):    0.000ns
    Discrete Jitter          (DJ):    0.000ns
    Phase Error              (PE):    0.000ns

    Location             Delay type                Incr(ns)  Path(ns)    Netlist Resource(s)
  -------------------------------------------------------------------    -------------------
                         (clock board_clock rise edge)
                                                      0.000     0.000 r  
    E3                                                0.000     0.000 r  CLK100MHZ (IN)
                         net (fo=0)                   0.000     0.000    CLK100MHZ
    E3                   IBUF (Prop_ibuf_I_O)         1.482     1.482 r  CLK100MHZ_IBUF_inst/O
                         net (fo=2, routed)           2.025     3.506    CLK100MHZ_IBUF
    BUFGCTRL_X0Y16       BUFG (Prop_bufg_I_O)         0.096     3.602 r  CLK100MHZ_IBUF_BUFG_inst/O
                         net (fo=77, routed)          1.626     5.229    CLK100MHZ_IBUF_BUFG
    SLICE_X53Y98         FDRE                                         r  automaticCounter_reg[7]/C
  -------------------------------------------------------------------    -------------------
    SLICE_X53Y98         FDRE (Prop_fdre_C_Q)         0.456     5.685 r  automaticCounter_reg[7]/Q
                         net (fo=2, routed)           0.828     6.512    automaticCounter_reg[7]
    SLICE_X52Y99         LUT5 (Prop_lut5_I1_O)        0.124     6.636 r  automaticCounter[0]_i_9/O
                         net (fo=1, routed)           0.303     6.939    automaticCounter[0]_i_9_n_0
    SLICE_X52Y98         LUT5 (Prop_lut5_I4_O)        0.124     7.063 r  automaticCounter[0]_i_7/O
                         net (fo=1, routed)           0.424     7.487    automaticCounter[0]_i_7_n_0
    SLICE_X52Y100        LUT6 (Prop_lut6_I0_O)        0.124     7.611 f  automaticCounter[0]_i_6/O
                         net (fo=1, routed)           0.300     7.911    automaticCounter[0]_i_6_n_0
    SLICE_X52Y101        LUT6 (Prop_lut6_I4_O)        0.124     8.035 r  automaticCounter[0]_i_3/O
                         net (fo=2, routed)           0.441     8.476    automaticCounter[0]_i_3_n_0
    SLICE_X52Y101        LUT3 (Prop_lut3_I0_O)        0.119     8.595 r  automaticCounter[0]_i_1/O
                         net (fo=26, routed)          0.903     9.498    automaticCounter[0]_i_1_n_0
    SLICE_X53Y97         FDRE                                         r  automaticCounter_reg[3]/R
  -------------------------------------------------------------------    -------------------

                         (clock board_clock rise edge)
                                                     10.000    10.000 r  
    E3                                                0.000    10.000 r  CLK100MHZ (IN)
                         net (fo=0)                   0.000    10.000    CLK100MHZ
    E3                   IBUF (Prop_ibuf_I_O)         1.411    11.411 r  CLK100MHZ_IBUF_inst/O
                         net (fo=2, routed)           1.920    13.331    CLK100MHZ_IBUF
    BUFGCTRL_X0Y16       BUFG (Prop_bufg_I_O)         0.091    13.422 r  CLK100MHZ_IBUF_BUFG_inst/O
                         net (fo=77, routed)          1.505    14.928    CLK100MHZ_IBUF_BUFG
    SLICE_X53Y97         FDRE                                         r  automaticCounter_reg[3]/C
                         clock pessimism              0.276    15.204    
                         clock uncertainty           -0.035    15.168    
    SLICE_X53Y97         FDRE (Setup_fdre_C_R)       -0.637    14.531    automaticCounter_reg[3]
  -------------------------------------------------------------------
                         required time                         14.531    
                         arrival time                          -9.498    
  -------------------------------------------------------------------
                         slack                                  5.033    

Slack (MET) :             5.134ns  (required time - arrival time)
  Source:                 automaticCounter_reg[7]/C
                            (rising edge-triggered cell FDRE clocked by board_clock  {rise@0.000ns fall@5.000ns period=10.000ns})
  Destination:            automaticCounter_reg[10]/R
                            (rising edge-triggered cell FDRE clocked by board_clock  {rise@0.000ns fall@5.000ns period=10.000ns})
  Path Group:             board_clock
  Path Type:              Setup (Max at Slow Process Corner)
  Requirement:            10.000ns  (board_clock rise@10.000ns - board_clock rise@0.000ns)
  Data Path Delay:        4.169ns  (logic 1.071ns (25.690%)  route 3.098ns (74.310%))
  Logic Levels:           5  (LUT3=1 LUT5=2 LUT6=2)
  Clock Path Skew:        -0.025ns (DCD - SCD + CPR)
    Destination Clock Delay (DCD):    4.928ns = ( 14.928 - 10.000 ) 
    Source Clock Delay      (SCD):    5.229ns
    Clock Pessimism Removal (CPR):    0.276ns
  Clock Uncertainty:      0.035ns  ((TSJ^2 + TIJ^2)^1/2 + DJ) / 2 + PE
    Total System Jitter     (TSJ):    0.071ns
    Total Input Jitter      (TIJ):    0.000ns
    Discrete Jitter          (DJ):    0.000ns
    Phase Error              (PE):    0.000ns

    Location             Delay type                Incr(ns)  Path(ns)    Netlist Resource(s)
  -------------------------------------------------------------------    -------------------
                         (clock board_clock rise edge)
                                                      0.000     0.000 r  
    E3                                                0.000     0.000 r  CLK100MHZ (IN)
                         net (fo=0)                   0.000     0.000    CLK100MHZ
    E3                   IBUF (Prop_ibuf_I_O)         1.482     1.482 r  CLK100MHZ_IBUF_inst/O
                         net (fo=2, routed)           2.025     3.506    CLK100MHZ_IBUF
    BUFGCTRL_X0Y16       BUFG (Prop_bufg_I_O)         0.096     3.602 r  CLK100MHZ_IBUF_BUFG_inst/O
                         net (fo=77, routed)          1.626     5.229    CLK100MHZ_IBUF_BUFG
    SLICE_X53Y98         FDRE                                         r  automaticCounter_reg[7]/C
  -------------------------------------------------------------------    -------------------
    SLICE_X53Y98         FDRE (Prop_fdre_C_Q)         0.456     5.685 r  automaticCounter_reg[7]/Q
                         net (fo=2, routed)           0.828     6.512    automaticCounter_reg[7]
    SLICE_X52Y99         LUT5 (Prop_lut5_I1_O)        0.124     6.636 r  automaticCounter[0]_i_9/O
                         net (fo=1, routed)           0.303     6.939    automaticCounter[0]_i_9_n_0
    SLICE_X52Y98         LUT5 (Prop_lut5_I4_O)        0.124     7.063 r  automaticCounter[0]_i_7/O
                         net (fo=1, routed)           0.424     7.487    automaticCounter[0]_i_7_n_0
    SLICE_X52Y100        LUT6 (Prop_lut6_I0_O)        0.124     7.611 f  automaticCounter[0]_i_6/O
                         net (fo=1, routed)           0.300     7.911    automaticCounter[0]_i_6_n_0
    SLICE_X52Y101        LUT6 (Prop_lut6_I4_O)        0.124     8.035 r  automaticCounter[0]_i_3/O
                         net (fo=2, routed)           0.441     8.476    automaticCounter[0]_i_3_n_0
    SLICE_X52Y101        LUT3 (Prop_lut3_I0_O)        0.119     8.595 r  automaticCounter[0]_i_1/O
                         net (fo=26, routed)          0.802     9.398    automaticCounter[0]_i_1_n_0
    SLICE_X53Y99         FDRE                                         r  automaticCounter_reg[10]/R
  -------------------------------------------------------------------    -------------------

                         (clock board_clock rise edge)
                                                     10.000    10.000 r  
    E3                                                0.000    10.000 r  CLK100MHZ (IN)
                         net (fo=0)                   0.000    10.000    CLK100MHZ
    E3                   IBUF (Prop_ibuf_I_O)         1.411    11.411 r  CLK100MHZ_IBUF_inst/O
                         net (fo=2, routed)           1.920    13.331    CLK100MHZ_IBUF
    BUFGCTRL_X0Y16       BUFG (Prop_bufg_I_O)         0.091    13.422 r  CLK100MHZ_IBUF_BUFG_inst/O
                         net (fo=77, routed)          1.505    14.928    CLK100MHZ_IBUF_BUFG
    SLICE_X53Y99         FDRE                                         r  automaticCounter_reg[10]/C
                         clock pessimism              0.276    15.204    
                         clock uncertainty           -0.035    15.168    
    SLICE_X53Y99         FDRE (Setup_fdre_C_R)       -0.637    14.531    automaticCounter_reg[10]
  -------------------------------------------------------------------
                         required time                         14.531    
                         arrival time                          -9.398    
  -------------------------------------------------------------------
                         slack                                  5.134    

Slack (MET) :             5.134ns  (required time - arrival time)
  Source:                 automaticCounter_reg[7]/C
                            (rising edge-triggered cell FDRE clocked by board_clock  {rise@0.000ns fall@5.000ns period=10.000ns})
  Destination:            automaticCounter_reg[11]/R
                            (rising edge-triggered cell FDRE clocked by board_clock  {rise@0.000ns fall@5.000ns period=10.000ns})
  Path Group:             board_clock
  Path Type:              Setup (Max at Slow Process Corner)
  Requirement:            10.000ns  (board_clock rise@10.000ns - board_clock rise@0.000ns)
  Data Path Delay:        4.169ns  (logic 1.071ns (25.690%)  route 3.098ns (74.310%))
  Logic Levels:           5  (LUT3=1 LUT5=2 LUT6=2)
  Clock Path Skew:        -0.025ns (DCD - SCD + CPR)
    Destination Clock Delay (DCD):    4.928ns = ( 14.928 - 10.000 ) 
    Source Clock Delay      (SCD):    5.229ns
    Clock Pessimism Removal (CPR):    0.276ns
  Clock Uncertainty:      0.035ns  ((TSJ^2 + TIJ^2)^1/2 + DJ) / 2 + PE
    Total System Jitter     (TSJ):    0.071ns
    Total Input Jitter      (TIJ):    0.000ns
    Discrete Jitter          (DJ):    0.000ns
    Phase Error              (PE):    0.000ns

    Location             Delay type                Incr(ns)  Path(ns)    Netlist Resource(s)
  -------------------------------------------------------------------    -------------------
                         (clock board_clock rise edge)
                                                      0.000     0.000 r  
    E3                                                0.000     0.000 r  CLK100MHZ (IN)
                         net (fo=0)                   0.000     0.000    CLK100MHZ
    E3                   IBUF (Prop_ibuf_I_O)         1.482     1.482 r  CLK100MHZ_IBUF_inst/O
                         net (fo=2, routed)           2.025     3.506    CLK100MHZ_IBUF
    BUFGCTRL_X0Y16       BUFG (Prop_bufg_I_O)         0.096     3.602 r  CLK100MHZ_IBUF_BUFG_inst/O
                         net (fo=77, routed)          1.626     5.229    CLK100MHZ_IBUF_BUFG
    SLICE_X53Y98         FDRE                                         r  automaticCounter_reg[7]/C
  -------------------------------------------------------------------    -------------------
    SLICE_X53Y98         FDRE (Prop_fdre_C_Q)         0.456     5.685 r  automaticCounter_reg[7]/Q
                         net (fo=2, routed)           0.828     6.512    automaticCounter_reg[7]
    SLICE_X52Y99         LUT5 (Prop_lut5_I1_O)        0.124     6.636 r  automaticCounter[0]_i_9/O
                         net (fo=1, routed)           0.303     6.939    automaticCounter[0]_i_9_n_0
    SLICE_X52Y98         LUT5 (Prop_lut5_I4_O)        0.124     7.063 r  automaticCounter[0]_i_7/O
                         net (fo=1, routed)           0.424     7.487    automaticCounter[0]_i_7_n_0
    SLICE_X52Y100        LUT6 (Prop_lut6_I0_O)        0.124     7.611 f  automaticCounter[0]_i_6/O
                         net (fo=1, routed)           0.300     7.911    automaticCounter[0]_i_6_n_0
    SLICE_X52Y101        LUT6 (Prop_lut6_I4_O)        0.124     8.035 r  automaticCounter[0]_i_3/O
                         net (fo=2, routed)           0.441     8.476    automaticCounter[0]_i_3_n_0
    SLICE_X52Y101        LUT3 (Prop_lut3_I0_O)        0.119     8.595 r  automaticCounter[0]_i_1/O
                         net (fo=26, routed)          0.802     9.398    automaticCounter[0]_i_1_n_0
    SLICE_X53Y99         FDRE                                         r  automaticCounter_reg[11]/R
  -------------------------------------------------------------------    -------------------

                         (clock board_clock rise edge)
                                                     10.000    10.000 r  
    E3                                                0.000    10.000 r  CLK100MHZ (IN)
                         net (fo=0)                   0.000    10.000    CLK100MHZ
    E3                   IBUF (Prop_ibuf_I_O)         1.411    11.411 r  CLK100MHZ_IBUF_inst/O
                         net (fo=2, routed)           1.920    13.331    CLK100MHZ_IBUF
    BUFGCTRL_X0Y16       BUFG (Prop_bufg_I_O)         0.091    13.422 r  CLK100MHZ_IBUF_BUFG_inst/O
                         net (fo=77, routed)          1.505    14.928    CLK100MHZ_IBUF_BUFG
    SLICE_X53Y99         FDRE                                         r  automaticCounter_reg[11]/C
                         clock pessimism              0.276    15.204    
                         clock uncertainty           -0.035    15.168    
    SLICE_X53Y99         FDRE (Setup_fdre_C_R)       -0.637    14.531    automaticCounter_reg[11]
  -------------------------------------------------------------------
                         required time                         14.531    
                         arrival time                          -9.398    
  -------------------------------------------------------------------
                         slack                                  5.134    

Slack (MET) :             5.134ns  (required time - arrival time)
  Source:                 automaticCounter_reg[7]/C
                            (rising edge-triggered cell FDRE clocked by board_clock  {rise@0.000ns fall@5.000ns period=10.000ns})
  Destination:            automaticCounter_reg[8]/R
                            (rising edge-triggered cell FDRE clocked by board_clock  {rise@0.000ns fall@5.000ns period=10.000ns})
  Path Group:             board_clock
  Path Type:              Setup (Max at Slow Process Corner)
  Requirement:            10.000ns  (board_clock rise@10.000ns - board_clock rise@0.000ns)
  Data Path Delay:        4.169ns  (logic 1.071ns (25.690%)  route 3.098ns (74.310%))
  Logic Levels:           5  (LUT3=1 LUT5=2 LUT6=2)
  Clock Path Skew:        -0.025ns (DCD - SCD + CPR)
    Destination Clock Delay (DCD):    4.928ns = ( 14.928 - 10.000 ) 
    Source Clock Delay      (SCD):    5.229ns
    Clock Pessimism Removal (CPR):    0.276ns
  Clock Uncertainty:      0.035ns  ((TSJ^2 + TIJ^2)^1/2 + DJ) / 2 + PE
    Total System Jitter     (TSJ):    0.071ns
    Total Input Jitter      (TIJ):    0.000ns
    Discrete Jitter          (DJ):    0.000ns
    Phase Error              (PE):    0.000ns

    Location             Delay type                Incr(ns)  Path(ns)    Netlist Resource(s)
  -------------------------------------------------------------------    -------------------
                         (clock board_clock rise edge)
                                                      0.000     0.000 r  
    E3                                                0.000     0.000 r  CLK100MHZ (IN)
                         net (fo=0)                   0.000     0.000    CLK100MHZ
    E3                   IBUF (Prop_ibuf_I_O)         1.482     1.482 r  CLK100MHZ_IBUF_inst/O
                         net (fo=2, routed)           2.025     3.506    CLK100MHZ_IBUF
    BUFGCTRL_X0Y16       BUFG (Prop_bufg_I_O)         0.096     3.602 r  CLK100MHZ_IBUF_BUFG_inst/O
                         net (fo=77, routed)          1.626     5.229    CLK100MHZ_IBUF_BUFG
    SLICE_X53Y98         FDRE                                         r  automaticCounter_reg[7]/C
  -------------------------------------------------------------------    -------------------
    SLICE_X53Y98         FDRE (Prop_fdre_C_Q)         0.456     5.685 r  automaticCounter_reg[7]/Q
                         net (fo=2, routed)           0.828     6.512    automaticCounter_reg[7]
    SLICE_X52Y99         LUT5 (Prop_lut5_I1_O)        0.124     6.636 r  automaticCounter[0]_i_9/O
                         net (fo=1, routed)           0.303     6.939    automaticCounter[0]_i_9_n_0
    SLICE_X52Y98         LUT5 (Prop_lut5_I4_O)        0.124     7.063 r  automaticCounter[0]_i_7/O
                         net (fo=1, routed)           0.424     7.487    automaticCounter[0]_i_7_n_0
    SLICE_X52Y100        LUT6 (Prop_lut6_I0_O)        0.124     7.611 f  automaticCounter[0]_i_6/O
                         net (fo=1, routed)           0.300     7.911    automaticCounter[0]_i_6_n_0
    SLICE_X52Y101        LUT6 (Prop_lut6_I4_O)        0.124     8.035 r  automaticCounter[0]_i_3/O
                         net (fo=2, routed)           0.441     8.476    automaticCounter[0]_i_3_n_0
    SLICE_X52Y101        LUT3 (Prop_lut3_I0_O)        0.119     8.595 r  automaticCounter[0]_i_1/O
                         net (fo=26, routed)          0.802     9.398    automaticCounter[0]_i_1_n_0
    SLICE_X53Y99         FDRE                                         r  automaticCounter_reg[8]/R
  -------------------------------------------------------------------    -------------------

                         (clock board_clock rise edge)
                                                     10.000    10.000 r  
    E3                                                0.000    10.000 r  CLK100MHZ (IN)
                         net (fo=0)                   0.000    10.000    CLK100MHZ
    E3                   IBUF (Prop_ibuf_I_O)         1.411    11.411 r  CLK100MHZ_IBUF_inst/O
                         net (fo=2, routed)           1.920    13.331    CLK100MHZ_IBUF
    BUFGCTRL_X0Y16       BUFG (Prop_bufg_I_O)         0.091    13.422 r  CLK100MHZ_IBUF_BUFG_inst/O
                         net (fo=77, routed)          1.505    14.928    CLK100MHZ_IBUF_BUFG
    SLICE_X53Y99         FDRE                                         r  automaticCounter_reg[8]/C
                         clock pessimism              0.276    15.204    
                         clock uncertainty           -0.035    15.168    
    SLICE_X53Y99         FDRE (Setup_fdre_C_R)       -0.637    14.531    automaticCounter_reg[8]
  -------------------------------------------------------------------
                         required time                         14.531    
                         arrival time                          -9.398    
  -------------------------------------------------------------------
                         slack                                  5.134    

Slack (MET) :             5.134ns  (required time - arrival time)
  Source:                 automaticCounter_reg[7]/C
                            (rising edge-triggered cell FDRE clocked by board_clock  {rise@0.000ns fall@5.000ns period=10.000ns})
  Destination:            automaticCounter_reg[9]/R
                            (rising edge-triggered cell FDRE clocked by board_clock  {rise@0.000ns fall@5.000ns period=10.000ns})
  Path Group:             board_clock
  Path Type:              Setup (Max at Slow Process Corner)
  Requirement:            10.000ns  (board_clock rise@10.000ns - board_clock rise@0.000ns)
  Data Path Delay:        4.169ns  (logic 1.071ns (25.690%)  route 3.098ns (74.310%))
  Logic Levels:           5  (LUT3=1 LUT5=2 LUT6=2)
  Clock Path Skew:        -0.025ns (DCD - SCD + CPR)
    Destination Clock Delay (DCD):    4.928ns = ( 14.928 - 10.000 ) 
    Source Clock Delay      (SCD):    5.229ns
    Clock Pessimism Removal (CPR):    0.276ns
  Clock Uncertainty:      0.035ns  ((TSJ^2 + TIJ^2)^1/2 + DJ) / 2 + PE
    Total System Jitter     (TSJ):    0.071ns
    Total Input Jitter      (TIJ):    0.000ns
    Discrete Jitter          (DJ):    0.000ns
    Phase Error              (PE):    0.000ns

    Location             Delay type                Incr(ns)  Path(ns)    Netlist Resource(s)
  -------------------------------------------------------------------    -------------------
                         (clock board_clock rise edge)
                                                      0.000     0.000 r  
    E3                                                0.000     0.000 r  CLK100MHZ (IN)
                         net (fo=0)                   0.000     0.000    CLK100MHZ
    E3                   IBUF (Prop_ibuf_I_O)         1.482     1.482 r  CLK100MHZ_IBUF_inst/O
                         net (fo=2, routed)           2.025     3.506    CLK100MHZ_IBUF
    BUFGCTRL_X0Y16       BUFG (Prop_bufg_I_O)         0.096     3.602 r  CLK100MHZ_IBUF_BUFG_inst/O
                         net (fo=77, routed)          1.626     5.229    CLK100MHZ_IBUF_BUFG
    SLICE_X53Y98         FDRE                                         r  automaticCounter_reg[7]/C
  -------------------------------------------------------------------    -------------------
    SLICE_X53Y98         FDRE (Prop_fdre_C_Q)         0.456     5.685 r  automaticCounter_reg[7]/Q
                         net (fo=2, routed)           0.828     6.512    automaticCounter_reg[7]
    SLICE_X52Y99         LUT5 (Prop_lut5_I1_O)        0.124     6.636 r  automaticCounter[0]_i_9/O
                         net (fo=1, routed)           0.303     6.939    automaticCounter[0]_i_9_n_0
    SLICE_X52Y98         LUT5 (Prop_lut5_I4_O)        0.124     7.063 r  automaticCounter[0]_i_7/O
                         net (fo=1, routed)           0.424     7.487    automaticCounter[0]_i_7_n_0
    SLICE_X52Y100        LUT6 (Prop_lut6_I0_O)        0.124     7.611 f  automaticCounter[0]_i_6/O
                         net (fo=1, routed)           0.300     7.911    automaticCounter[0]_i_6_n_0
    SLICE_X52Y101        LUT6 (Prop_lut6_I4_O)        0.124     8.035 r  automaticCounter[0]_i_3/O
                         net (fo=2, routed)           0.441     8.476    automaticCounter[0]_i_3_n_0
    SLICE_X52Y101        LUT3 (Prop_lut3_I0_O)        0.119     8.595 r  automaticCounter[0]_i_1/O
                         net (fo=26, routed)          0.802     9.398    automaticCounter[0]_i_1_n_0
    SLICE_X53Y99         FDRE                                         r  automaticCounter_reg[9]/R
  -------------------------------------------------------------------    -------------------

                         (clock board_clock rise edge)
                                                     10.000    10.000 r  
    E3                                                0.000    10.000 r  CLK100MHZ (IN)
                         net (fo=0)                   0.000    10.000    CLK100MHZ
    E3                   IBUF (Prop_ibuf_I_O)         1.411    11.411 r  CLK100MHZ_IBUF_inst/O
                         net (fo=2, routed)           1.920    13.331    CLK100MHZ_IBUF
    BUFGCTRL_X0Y16       BUFG (Prop_bufg_I_O)         0.091    13.422 r  CLK100MHZ_IBUF_BUFG_inst/O
                         net (fo=77, routed)          1.505    14.928    CLK100MHZ_IBUF_BUFG
    SLICE_X53Y99         FDRE                                         r  automaticCounter_reg[9]/C
                         clock pessimism              0.276    15.204    
                         clock uncertainty           -0.035    15.168    
    SLICE_X53Y99         FDRE (Setup_fdre_C_R)       -0.637    14.531    automaticCounter_reg[9]
  -------------------------------------------------------------------
                         required time                         14.531    
                         arrival time                          -9.398    
  -------------------------------------------------------------------
                         slack                                  5.134    

Slack (MET) :             5.194ns  (required time - arrival time)
  Source:                 stepButton/debounceCounter_reg[1]/C
                            (rising edge-triggered cell FDRE clocked by board_clock  {rise@0.000ns fall@5.000ns period=10.000ns})
  Destination:            stepButton/debounceCounter_reg[12]/R
                            (rising edge-triggered cell FDRE clocked by board_clock  {rise@0.000ns fall@5.000ns period=10.000ns})
  Path Group:             board_clock
  Path Type:              Setup (Max at Slow Process Corner)
  Requirement:            10.000ns  (board_clock rise@10.000ns - board_clock rise@0.000ns)
  Data Path Delay:        4.204ns  (logic 0.952ns (22.646%)  route 3.252ns (77.354%))
  Logic Levels:           4  (LUT4=2 LUT6=2)
  Clock Path Skew:        -0.138ns (DCD - SCD + CPR)
    Destination Clock Delay (DCD):    4.911ns = ( 14.911 - 10.000 ) 
    Source Clock Delay      (SCD):    5.229ns
    Clock Pessimism Removal (CPR):    0.180ns
  Clock Uncertainty:      0.035ns  ((TSJ^2 + TIJ^2)^1/2 + DJ) / 2 + PE
    Total System Jitter     (TSJ):    0.071ns
    Total Input Jitter      (TIJ):    0.000ns
    Discrete Jitter          (DJ):    0.000ns
    Phase Error              (PE):    0.000ns

    Location             Delay type                Incr(ns)  Path(ns)    Netlist Resource(s)
  -------------------------------------------------------------------    -------------------
                         (clock board_clock rise edge)
                                                      0.000     0.000 r  
    E3                                                0.000     0.000 r  CLK100MHZ (IN)
                         net (fo=0)                   0.000     0.000    CLK100MHZ
    E3                   IBUF (Prop_ibuf_I_O)         1.482     1.482 r  CLK100MHZ_IBUF_inst/O
                         net (fo=2, routed)           2.025     3.506    CLK100MHZ_IBUF
    BUFGCTRL_X0Y16       BUFG (Prop_bufg_I_O)         0.096     3.602 r  CLK100MHZ_IBUF_BUFG_inst/O
                         net (fo=77, routed)          1.626     5.229    stepButton/CLK
    SLICE_X55Y99         FDRE                                         r  stepButton/debounceCounter_reg[1]/C
  -------------------------------------------------------------------    -------------------
    SLICE_X55Y99         FDRE (Prop_fdre_C_Q)         0.456     5.685 r  stepButton/debounceCounter_reg[1]/Q
                         net (fo=2, routed)           1.033     6.718    stepButton/debounceCounter_reg[1]
    SLICE_X54Y101        LUT4 (Prop_lut4_I1_O)        0.124     6.842 f  stepButton/debounceCounter[0]_i_7/O
                         net (fo=1, routed)           0.670     7.512    stepButton/debounceCounter[0]_i_7_n_0
    SLICE_X54Y101        LUT6 (Prop_lut6_I4_O)        0.124     7.636 f  stepButton/debounceCounter[0]_i_6/O
                         net (fo=1, routed)           0.452     8.088    stepButton/debounceCounter[0]_i_6_n_0
    SLICE_X54Y101        LUT6 (Prop_lut6_I5_O)        0.124     8.212 r  stepButton/debounceCounter[0]_i_3/O
                         net (fo=2, routed)           0.438     8.649    stepButton/debounceCounter[0]_i_3_n_0
    SLICE_X54Y102        LUT4 (Prop_lut4_I0_O)        0.124     8.773 r  stepButton/debounceCounter[0]_i_1/O
                         net (fo=20, routed)          0.659     9.433    stepButton/debounceCounter[0]_i_1_n_0
    SLICE_X55Y102        FDRE                                         r  stepButton/debounceCounter_reg[12]/R
  -------------------------------------------------------------------    -------------------

                         (clock board_clock rise edge)
                                                     10.000    10.000 r  
    E3                                                0.000    10.000 r  CLK100MHZ (IN)
                         net (fo=0)                   0.000    10.000    CLK100MHZ
    E3                   IBUF (Prop_ibuf_I_O)         1.411    11.411 r  CLK100MHZ_IBUF_inst/O
                         net (fo=2, routed)           1.920    13.331    CLK100MHZ_IBUF
    BUFGCTRL_X0Y16       BUFG (Prop_bufg_I_O)         0.091    13.422 r  CLK100MHZ_IBUF_BUFG_inst/O
                         net (fo=77, routed)          1.489    14.911    stepButton/CLK
    SLICE_X55Y102        FDRE                                         r  stepButton/debounceCounter_reg[12]/C
                         clock pessimism              0.180    15.091    
                         clock uncertainty           -0.035    15.056    
    SLICE_X55Y102        FDRE (Setup_fdre_C_R)       -0.429    14.627    stepButton/debounceCounter_reg[12]
  -------------------------------------------------------------------
                         required time                         14.627    
                         arrival time                          -9.433    
  -------------------------------------------------------------------
                         slack                                  5.194    

Slack (MET) :             5.194ns  (required time - arrival time)
  Source:                 stepButton/debounceCounter_reg[1]/C
                            (rising edge-triggered cell FDRE clocked by board_clock  {rise@0.000ns fall@5.000ns period=10.000ns})
  Destination:            stepButton/debounceCounter_reg[13]/R
                            (rising edge-triggered cell FDRE clocked by board_clock  {rise@0.000ns fall@5.000ns period=10.000ns})
  Path Group:             board_clock
  Path Type:              Setup (Max at Slow Process Corner)
  Requirement:            10.000ns  (board_clock rise@10.000ns - board_clock rise@0.000ns)
  Data Path Delay:        4.204ns  (logic 0.952ns (22.646%)  route 3.252ns (77.354%))
  Logic Levels:           4  (LUT4=2 LUT6=2)
  Clock Path Skew:        -0.138ns (DCD - SCD + CPR)
    Destination Clock Delay (DCD):    4.911ns = ( 14.911 - 10.000 ) 
    Source Clock Delay      (SCD):    5.229ns
    Clock Pessimism Removal (CPR):    0.180ns
  Clock Uncertainty:      0.035ns  ((TSJ^2 + TIJ^2)^1/2 + DJ) / 2 + PE
    Total System Jitter     (TSJ):    0.071ns
    Total Input Jitter      (TIJ):    0.000ns
    Discrete Jitter          (DJ):    0.000ns
    Phase Error              (PE):    0.000ns

    Location             Delay type                Incr(ns)  Path(ns)    Netlist Resource(s)
  -------------------------------------------------------------------    -------------------
                         (clock board_clock rise edge)
                                                      0.000     0.000 r  
    E3                                                0.000     0.000 r  CLK100MHZ (IN)
                         net (fo=0)                   0.000     0.000    CLK100MHZ
    E3                   IBUF (Prop_ibuf_I_O)         1.482     1.482 r  CLK100MHZ_IBUF_inst/O
                         net (fo=2, routed)           2.025     3.506    CLK100MHZ_IBUF
    BUFGCTRL_X0Y16       BUFG (Prop_bufg_I_O)         0.096     3.602 r  CLK100MHZ_IBUF_BUFG_inst/O
                         net (fo=77, routed)          1.626     5.229    stepButton/CLK
    SLICE_X55Y99         FDRE                                         r  stepButton/debounceCounter_reg[1]/C
  -------------------------------------------------------------------    -------------------
    SLICE_X55Y99         FDRE (Prop_fdre_C_Q)         0.456     5.685 r  stepButton/debounceCounter_reg[1]/Q
                         net (fo=2, routed)           1.033     6.718    stepButton/debounceCounter_reg[1]
    SLICE_X54Y101        LUT4 (Prop_lut4_I1_O)        0.124     6.842 f  stepButton/debounceCounter[0]_i_7/O
                         net (fo=1, routed)           0.670     7.512    stepButton/debounceCounter[0]_i_7_n_0
    SLICE_X54Y101        LUT6 (Prop_lut6_I4_O)        0.124     7.636 f  stepButton/debounceCounter[0]_i_6/O
                         net (fo=1, routed)           0.452     8.088    stepButton/debounceCounter[0]_i_6_n_0
    SLICE_X54Y101        LUT6 (Prop_lut6_I5_O)        0.124     8.212 r  stepButton/debounceCounter[0]_i_3/O
                         net (fo=2, routed)           0.438     8.649    stepButton/debounceCounter[0]_i_3_n_0
    SLICE_X54Y102        LUT4 (Prop_lut4_I0_O)        0.124     8.773 r  stepButton/debounceCounter[0]_i_1/O
                         net (fo=20, routed)          0.659     9.433    stepButton/debounceCounter[0]_i_1_n_0
    SLICE_X55Y102        FDRE                                         r  stepButton/debounceCounter_reg[13]/R
  -------------------------------------------------------------------    -------------------

                         (clock board_clock rise edge)
                                                     10.000    10.000 r  
    E3                                                0.000    10.000 r  CLK100MHZ (IN)
                         net (fo=0)                   0.000    10.000    CLK100MHZ
    E3                   IBUF (Prop_ibuf_I_O)         1.411    11.411 r  CLK100MHZ_IBUF_inst/O
                         net (fo=2, routed)           1.920    13.331    CLK100MHZ_IBUF
    BUFGCTRL_X0Y16       BUFG (Prop_bufg_I_O)         0.091    13.422 r  CLK100MHZ_IBUF_BUFG_inst/O
                         net (fo=77, routed)          1.489    14.911    stepButton/CLK
    SLICE_X55Y102        FDRE                                         r  stepButton/debounceCounter_reg[13]/C
                         clock pessimism              0.180    15.091    
                         clock uncertainty           -0.035    15.056    
    SLICE_X55Y102        FDRE (Setup_fdre_C_R)       -0.429    14.627    stepButton/debounceCounter_reg[13]
  -------------------------------------------------------------------
                         required time                         14.627    
                         arrival time                          -9.433    
  -------------------------------------------------------------------
                         slack                                  5.194    





Min Delay Paths
--------------------------------------------------------------------------------------
Slack (MET) :             0.037ns  (arrival time - required time)
  Source:                 stepButton/buttonSyncStage2_reg/C
                            (rising edge-triggered cell FDRE clocked by board_clock  {rise@0.000ns fall@5.000ns period=10.000ns})
  Destination:            stepButton/buttonLevel_reg/D
                            (rising edge-triggered cell FDRE clocked by board_clock  {rise@0.000ns fall@5.000ns period=10.000ns})
  Path Group:             board_clock
  Path Type:              Hold (Min at Fast Process Corner)
  Requirement:            0.000ns  (board_clock rise@0.000ns - board_clock rise@0.000ns)
  Data Path Delay:        0.421ns  (logic 0.246ns (58.400%)  route 0.175ns (41.600%))
  Logic Levels:           1  (LUT3=1)
  Clock Path Skew:        0.264ns (DCD - SCD - CPR)
    Destination Clock Delay (DCD):    1.994ns
    Source Clock Delay      (SCD):    1.479ns
    Clock Pessimism Removal (CPR):    0.250ns

    Location             Delay type                Incr(ns)  Path(ns)    Netlist Resource(s)
  -------------------------------------------------------------------    -------------------
                         (clock board_clock rise edge)
                                                      0.000     0.000 r  
    E3                                                0.000     0.000 r  CLK100MHZ (IN)
                         net (fo=0)                   0.000     0.000    CLK100MHZ
    E3                   IBUF (Prop_ibuf_I_O)         0.250     0.250 r  CLK100MHZ_IBUF_inst/O
                         net (fo=2, routed)           0.644     0.894    CLK100MHZ_IBUF
    BUFGCTRL_X0Y16       BUFG (Prop_bufg_I_O)         0.026     0.920 r  CLK100MHZ_IBUF_BUFG_inst/O
                         net (fo=77, routed)          0.560     1.479    stepButton/CLK
    SLICE_X50Y101        FDRE                                         r  stepButton/buttonSyncStage2_reg/C
  -------------------------------------------------------------------    -------------------
    SLICE_X50Y101        FDRE (Prop_fdre_C_Q)         0.148     1.627 r  stepButton/buttonSyncStage2_reg/Q
                         net (fo=2, routed)           0.175     1.803    stepButton/buttonSyncStage2
    SLICE_X54Y102        LUT3 (Prop_lut3_I2_O)        0.098     1.901 r  stepButton/buttonLevel_i_1/O
                         net (fo=1, routed)           0.000     1.901    stepButton/buttonLevel_i_1_n_0
    SLICE_X54Y102        FDRE                                         r  stepButton/buttonLevel_reg/D
  -------------------------------------------------------------------    -------------------

                         (clock board_clock rise edge)
                                                      0.000     0.000 r  
    E3                                                0.000     0.000 r  CLK100MHZ (IN)
                         net (fo=0)                   0.000     0.000    CLK100MHZ
    E3                   IBUF (Prop_ibuf_I_O)         0.438     0.438 r  CLK100MHZ_IBUF_inst/O
                         net (fo=2, routed)           0.699     1.136    CLK100MHZ_IBUF
    BUFGCTRL_X0Y16       BUFG (Prop_bufg_I_O)         0.029     1.165 r  CLK100MHZ_IBUF_BUFG_inst/O
                         net (fo=77, routed)          0.828     1.994    stepButton/CLK
    SLICE_X54Y102        FDRE                                         r  stepButton/buttonLevel_reg/C
                         clock pessimism             -0.250     1.743    
    SLICE_X54Y102        FDRE (Hold_fdre_C_D)         0.120     1.863    stepButton/buttonLevel_reg
  -------------------------------------------------------------------
                         required time                         -1.863    
                         arrival time                           1.901    
  -------------------------------------------------------------------
                         slack                                  0.037    

Slack (MET) :             0.104ns  (arrival time - required time)
  Source:                 automaticCounter_reg[11]/C
                            (rising edge-triggered cell FDRE clocked by board_clock  {rise@0.000ns fall@5.000ns period=10.000ns})
  Destination:            automaticCounter_reg[12]/D
                            (rising edge-triggered cell FDRE clocked by board_clock  {rise@0.000ns fall@5.000ns period=10.000ns})
  Path Group:             board_clock
  Path Type:              Hold (Min at Fast Process Corner)
  Requirement:            0.000ns  (board_clock rise@0.000ns - board_clock rise@0.000ns)
  Data Path Delay:        0.473ns  (logic 0.355ns (75.068%)  route 0.118ns (24.932%))
  Logic Levels:           2  (CARRY4=2)
  Clock Path Skew:        0.264ns (DCD - SCD - CPR)
    Destination Clock Delay (DCD):    1.994ns
    Source Clock Delay      (SCD):    1.484ns
    Clock Pessimism Removal (CPR):    0.245ns

    Location             Delay type                Incr(ns)  Path(ns)    Netlist Resource(s)
  -------------------------------------------------------------------    -------------------
                         (clock board_clock rise edge)
                                                      0.000     0.000 r  
    E3                                                0.000     0.000 r  CLK100MHZ (IN)
                         net (fo=0)                   0.000     0.000    CLK100MHZ
    E3                   IBUF (Prop_ibuf_I_O)         0.250     0.250 r  CLK100MHZ_IBUF_inst/O
                         net (fo=2, routed)           0.644     0.894    CLK100MHZ_IBUF
    BUFGCTRL_X0Y16       BUFG (Prop_bufg_I_O)         0.026     0.920 r  CLK100MHZ_IBUF_BUFG_inst/O
                         net (fo=77, routed)          0.565     1.484    CLK100MHZ_IBUF_BUFG
    SLICE_X53Y99         FDRE                                         r  automaticCounter_reg[11]/C
  -------------------------------------------------------------------    -------------------
    SLICE_X53Y99         FDRE (Prop_fdre_C_Q)         0.141     1.625 r  automaticCounter_reg[11]/Q
                         net (fo=2, routed)           0.117     1.743    automaticCounter_reg[11]
    SLICE_X53Y99         CARRY4 (Prop_carry4_S[3]_CO[3])
                                                      0.160     1.903 r  automaticCounter_reg[8]_i_1/CO[3]
                         net (fo=1, routed)           0.001     1.903    automaticCounter_reg[8]_i_1_n_0
    SLICE_X53Y100        CARRY4 (Prop_carry4_CI_O[0])
                                                      0.054     1.957 r  automaticCounter_reg[12]_i_1/O[0]
                         net (fo=1, routed)           0.000     1.957    automaticCounter_reg[12]_i_1_n_7
    SLICE_X53Y100        FDRE                                         r  automaticCounter_reg[12]/D
  -------------------------------------------------------------------    -------------------

                         (clock board_clock rise edge)
                                                      0.000     0.000 r  
    E3                                                0.000     0.000 r  CLK100MHZ (IN)
                         net (fo=0)                   0.000     0.000    CLK100MHZ
    E3                   IBUF (Prop_ibuf_I_O)         0.438     0.438 r  CLK100MHZ_IBUF_inst/O
                         net (fo=2, routed)           0.699     1.136    CLK100MHZ_IBUF
    BUFGCTRL_X0Y16       BUFG (Prop_bufg_I_O)         0.029     1.165 r  CLK100MHZ_IBUF_BUFG_inst/O
                         net (fo=77, routed)          0.828     1.994    CLK100MHZ_IBUF_BUFG
    SLICE_X53Y100        FDRE                                         r  automaticCounter_reg[12]/C
                         clock pessimism             -0.245     1.748    
    SLICE_X53Y100        FDRE (Hold_fdre_C_D)         0.105     1.853    automaticCounter_reg[12]
  -------------------------------------------------------------------
                         required time                         -1.853    
                         arrival time                           1.957    
  -------------------------------------------------------------------
                         slack                                  0.104    

Slack (MET) :             0.107ns  (arrival time - required time)
  Source:                 stepButton/debounceCounter_reg[3]/C
                            (rising edge-triggered cell FDRE clocked by board_clock  {rise@0.000ns fall@5.000ns period=10.000ns})
  Destination:            stepButton/debounceCounter_reg[4]/D
                            (rising edge-triggered cell FDRE clocked by board_clock  {rise@0.000ns fall@5.000ns period=10.000ns})
  Path Group:             board_clock
  Path Type:              Hold (Min at Fast Process Corner)
  Requirement:            0.000ns  (board_clock rise@0.000ns - board_clock rise@0.000ns)
  Data Path Delay:        0.476ns  (logic 0.355ns (74.570%)  route 0.121ns (25.430%))
  Logic Levels:           2  (CARRY4=2)
  Clock Path Skew:        0.264ns (DCD - SCD - CPR)
    Destination Clock Delay (DCD):    1.994ns
    Source Clock Delay      (SCD):    1.484ns
    Clock Pessimism Removal (CPR):    0.245ns

    Location             Delay type                Incr(ns)  Path(ns)    Netlist Resource(s)
  -------------------------------------------------------------------    -------------------
                         (clock board_clock rise edge)
                                                      0.000     0.000 r  
    E3                                                0.000     0.000 r  CLK100MHZ (IN)
                         net (fo=0)                   0.000     0.000    CLK100MHZ
    E3                   IBUF (Prop_ibuf_I_O)         0.250     0.250 r  CLK100MHZ_IBUF_inst/O
                         net (fo=2, routed)           0.644     0.894    CLK100MHZ_IBUF
    BUFGCTRL_X0Y16       BUFG (Prop_bufg_I_O)         0.026     0.920 r  CLK100MHZ_IBUF_BUFG_inst/O
                         net (fo=77, routed)          0.565     1.484    stepButton/CLK
    SLICE_X55Y99         FDRE                                         r  stepButton/debounceCounter_reg[3]/C
  -------------------------------------------------------------------    -------------------
    SLICE_X55Y99         FDRE (Prop_fdre_C_Q)         0.141     1.625 r  stepButton/debounceCounter_reg[3]/Q
                         net (fo=2, routed)           0.120     1.746    stepButton/debounceCounter_reg[3]
    SLICE_X55Y99         CARRY4 (Prop_carry4_S[3]_CO[3])
                                                      0.160     1.906 r  stepButton/debounceCounter_reg[0]_i_2/CO[3]
                         net (fo=1, routed)           0.001     1.906    stepButton/debounceCounter_reg[0]_i_2_n_0
    SLICE_X55Y100        CARRY4 (Prop_carry4_CI_O[0])
                                                      0.054     1.960 r  stepButton/debounceCounter_reg[4]_i_1/O[0]
                         net (fo=1, routed)           0.000     1.960    stepButton/debounceCounter_reg[4]_i_1_n_7
    SLICE_X55Y100        FDRE                                         r  stepButton/debounceCounter_reg[4]/D
  -------------------------------------------------------------------    -------------------

                         (clock board_clock rise edge)
                                                      0.000     0.000 r  
    E3                                                0.000     0.000 r  CLK100MHZ (IN)
                         net (fo=0)                   0.000     0.000    CLK100MHZ
    E3                   IBUF (Prop_ibuf_I_O)         0.438     0.438 r  CLK100MHZ_IBUF_inst/O
                         net (fo=2, routed)           0.699     1.136    CLK100MHZ_IBUF
    BUFGCTRL_X0Y16       BUFG (Prop_bufg_I_O)         0.029     1.165 r  CLK100MHZ_IBUF_BUFG_inst/O
                         net (fo=77, routed)          0.828     1.994    stepButton/CLK
    SLICE_X55Y100        FDRE                                         r  stepButton/debounceCounter_reg[4]/C
                         clock pessimism             -0.245     1.748    
    SLICE_X55Y100        FDRE (Hold_fdre_C_D)         0.105     1.853    stepButton/debounceCounter_reg[4]
  -------------------------------------------------------------------
                         required time                         -1.853    
                         arrival time                           1.960    
  -------------------------------------------------------------------
                         slack                                  0.107    

Slack (MET) :             0.112ns  (arrival time - required time)
  Source:                 resetSyncStage2_reg/C
                            (rising edge-triggered cell FDPE clocked by board_clock  {rise@0.000ns fall@5.000ns period=10.000ns})
  Destination:            displayDriver/refreshCounter_reg[4]/R
                            (rising edge-triggered cell FDRE clocked by board_clock  {rise@0.000ns fall@5.000ns period=10.000ns})
  Path Group:             board_clock
  Path Type:              Hold (Min at Fast Process Corner)
  Requirement:            0.000ns  (board_clock rise@0.000ns - board_clock rise@0.000ns)
  Data Path Delay:        0.357ns  (logic 0.141ns (39.536%)  route 0.216ns (60.464%))
  Logic Levels:           0  
  Clock Path Skew:        0.263ns (DCD - SCD - CPR)
    Destination Clock Delay (DCD):    1.993ns
    Source Clock Delay      (SCD):    1.479ns
    Clock Pessimism Removal (CPR):    0.250ns

    Location             Delay type                Incr(ns)  Path(ns)    Netlist Resource(s)
  -------------------------------------------------------------------    -------------------
                         (clock board_clock rise edge)
                                                      0.000     0.000 r  
    E3                                                0.000     0.000 r  CLK100MHZ (IN)
                         net (fo=0)                   0.000     0.000    CLK100MHZ
    E3                   IBUF (Prop_ibuf_I_O)         0.250     0.250 r  CLK100MHZ_IBUF_inst/O
                         net (fo=2, routed)           0.644     0.894    CLK100MHZ_IBUF
    BUFGCTRL_X0Y16       BUFG (Prop_bufg_I_O)         0.026     0.920 r  CLK100MHZ_IBUF_BUFG_inst/O
                         net (fo=77, routed)          0.560     1.479    CLK100MHZ_IBUF_BUFG
    SLICE_X48Y104        FDPE                                         r  resetSyncStage2_reg/C
  -------------------------------------------------------------------    -------------------
    SLICE_X48Y104        FDPE (Prop_fdpe_C_Q)         0.141     1.620 r  resetSyncStage2_reg/Q
                         net (fo=88, routed)          0.216     1.836    displayDriver/out
    SLICE_X52Y104        FDRE                                         r  displayDriver/refreshCounter_reg[4]/R
  -------------------------------------------------------------------    -------------------

                         (clock board_clock rise edge)
                                                      0.000     0.000 r  
    E3                                                0.000     0.000 r  CLK100MHZ (IN)
                         net (fo=0)                   0.000     0.000    CLK100MHZ
    E3                   IBUF (Prop_ibuf_I_O)         0.438     0.438 r  CLK100MHZ_IBUF_inst/O
                         net (fo=2, routed)           0.699     1.136    CLK100MHZ_IBUF
    BUFGCTRL_X0Y16       BUFG (Prop_bufg_I_O)         0.029     1.165 r  CLK100MHZ_IBUF_BUFG_inst/O
                         net (fo=77, routed)          0.827     1.993    displayDriver/CLK
    SLICE_X52Y104        FDRE                                         r  displayDriver/refreshCounter_reg[4]/C
                         clock pessimism             -0.250     1.742    
    SLICE_X52Y104        FDRE (Hold_fdre_C_R)        -0.018     1.724    displayDriver/refreshCounter_reg[4]
  -------------------------------------------------------------------
                         required time                         -1.724    
                         arrival time                           1.836    
  -------------------------------------------------------------------
                         slack                                  0.112    

Slack (MET) :             0.112ns  (arrival time - required time)
  Source:                 resetSyncStage2_reg/C
                            (rising edge-triggered cell FDPE clocked by board_clock  {rise@0.000ns fall@5.000ns period=10.000ns})
  Destination:            displayDriver/refreshCounter_reg[5]/R
                            (rising edge-triggered cell FDRE clocked by board_clock  {rise@0.000ns fall@5.000ns period=10.000ns})
  Path Group:             board_clock
  Path Type:              Hold (Min at Fast Process Corner)
  Requirement:            0.000ns  (board_clock rise@0.000ns - board_clock rise@0.000ns)
  Data Path Delay:        0.357ns  (logic 0.141ns (39.536%)  route 0.216ns (60.464%))
  Logic Levels:           0  
  Clock Path Skew:        0.263ns (DCD - SCD - CPR)
    Destination Clock Delay (DCD):    1.993ns
    Source Clock Delay      (SCD):    1.479ns
    Clock Pessimism Removal (CPR):    0.250ns

    Location             Delay type                Incr(ns)  Path(ns)    Netlist Resource(s)
  -------------------------------------------------------------------    -------------------
                         (clock board_clock rise edge)
                                                      0.000     0.000 r  
    E3                                                0.000     0.000 r  CLK100MHZ (IN)
                         net (fo=0)                   0.000     0.000    CLK100MHZ
    E3                   IBUF (Prop_ibuf_I_O)         0.250     0.250 r  CLK100MHZ_IBUF_inst/O
                         net (fo=2, routed)           0.644     0.894    CLK100MHZ_IBUF
    BUFGCTRL_X0Y16       BUFG (Prop_bufg_I_O)         0.026     0.920 r  CLK100MHZ_IBUF_BUFG_inst/O
                         net (fo=77, routed)          0.560     1.479    CLK100MHZ_IBUF_BUFG
    SLICE_X48Y104        FDPE                                         r  resetSyncStage2_reg/C
  -------------------------------------------------------------------    -------------------
    SLICE_X48Y104        FDPE (Prop_fdpe_C_Q)         0.141     1.620 r  resetSyncStage2_reg/Q
                         net (fo=88, routed)          0.216     1.836    displayDriver/out
    SLICE_X52Y104        FDRE                                         r  displayDriver/refreshCounter_reg[5]/R
  -------------------------------------------------------------------    -------------------

                         (clock board_clock rise edge)
                                                      0.000     0.000 r  
    E3                                                0.000     0.000 r  CLK100MHZ (IN)
                         net (fo=0)                   0.000     0.000    CLK100MHZ
    E3                   IBUF (Prop_ibuf_I_O)         0.438     0.438 r  CLK100MHZ_IBUF_inst/O
                         net (fo=2, routed)           0.699     1.136    CLK100MHZ_IBUF
    BUFGCTRL_X0Y16       BUFG (Prop_bufg_I_O)         0.029     1.165 r  CLK100MHZ_IBUF_BUFG_inst/O
                         net (fo=77, routed)          0.827     1.993    displayDriver/CLK
    SLICE_X52Y104        FDRE                                         r  displayDriver/refreshCounter_reg[5]/C
                         clock pessimism             -0.250     1.742    
    SLICE_X52Y104        FDRE (Hold_fdre_C_R)        -0.018     1.724    displayDriver/refreshCounter_reg[5]
  -------------------------------------------------------------------
                         required time                         -1.724    
                         arrival time                           1.836    
  -------------------------------------------------------------------
                         slack                                  0.112    

Slack (MET) :             0.112ns  (arrival time - required time)
  Source:                 resetSyncStage2_reg/C
                            (rising edge-triggered cell FDPE clocked by board_clock  {rise@0.000ns fall@5.000ns period=10.000ns})
  Destination:            displayDriver/refreshCounter_reg[6]/R
                            (rising edge-triggered cell FDRE clocked by board_clock  {rise@0.000ns fall@5.000ns period=10.000ns})
  Path Group:             board_clock
  Path Type:              Hold (Min at Fast Process Corner)
  Requirement:            0.000ns  (board_clock rise@0.000ns - board_clock rise@0.000ns)
  Data Path Delay:        0.357ns  (logic 0.141ns (39.536%)  route 0.216ns (60.464%))
  Logic Levels:           0  
  Clock Path Skew:        0.263ns (DCD - SCD - CPR)
    Destination Clock Delay (DCD):    1.993ns
    Source Clock Delay      (SCD):    1.479ns
    Clock Pessimism Removal (CPR):    0.250ns

    Location             Delay type                Incr(ns)  Path(ns)    Netlist Resource(s)
  -------------------------------------------------------------------    -------------------
                         (clock board_clock rise edge)
                                                      0.000     0.000 r  
    E3                                                0.000     0.000 r  CLK100MHZ (IN)
                         net (fo=0)                   0.000     0.000    CLK100MHZ
    E3                   IBUF (Prop_ibuf_I_O)         0.250     0.250 r  CLK100MHZ_IBUF_inst/O
                         net (fo=2, routed)           0.644     0.894    CLK100MHZ_IBUF
    BUFGCTRL_X0Y16       BUFG (Prop_bufg_I_O)         0.026     0.920 r  CLK100MHZ_IBUF_BUFG_inst/O
                         net (fo=77, routed)          0.560     1.479    CLK100MHZ_IBUF_BUFG
    SLICE_X48Y104        FDPE                                         r  resetSyncStage2_reg/C
  -------------------------------------------------------------------    -------------------
    SLICE_X48Y104        FDPE (Prop_fdpe_C_Q)         0.141     1.620 r  resetSyncStage2_reg/Q
                         net (fo=88, routed)          0.216     1.836    displayDriver/out
    SLICE_X52Y104        FDRE                                         r  displayDriver/refreshCounter_reg[6]/R
  -------------------------------------------------------------------    -------------------

                         (clock board_clock rise edge)
                                                      0.000     0.000 r  
    E3                                                0.000     0.000 r  CLK100MHZ (IN)
                         net (fo=0)                   0.000     0.000    CLK100MHZ
    E3                   IBUF (Prop_ibuf_I_O)         0.438     0.438 r  CLK100MHZ_IBUF_inst/O
                         net (fo=2, routed)           0.699     1.136    CLK100MHZ_IBUF
    BUFGCTRL_X0Y16       BUFG (Prop_bufg_I_O)         0.029     1.165 r  CLK100MHZ_IBUF_BUFG_inst/O
                         net (fo=77, routed)          0.827     1.993    displayDriver/CLK
    SLICE_X52Y104        FDRE                                         r  displayDriver/refreshCounter_reg[6]/C
                         clock pessimism             -0.250     1.742    
    SLICE_X52Y104        FDRE (Hold_fdre_C_R)        -0.018     1.724    displayDriver/refreshCounter_reg[6]
  -------------------------------------------------------------------
                         required time                         -1.724    
                         arrival time                           1.836    
  -------------------------------------------------------------------
                         slack                                  0.112    

Slack (MET) :             0.112ns  (arrival time - required time)
  Source:                 resetSyncStage2_reg/C
                            (rising edge-triggered cell FDPE clocked by board_clock  {rise@0.000ns fall@5.000ns period=10.000ns})
  Destination:            displayDriver/refreshCounter_reg[7]/R
                            (rising edge-triggered cell FDRE clocked by board_clock  {rise@0.000ns fall@5.000ns period=10.000ns})
  Path Group:             board_clock
  Path Type:              Hold (Min at Fast Process Corner)
  Requirement:            0.000ns  (board_clock rise@0.000ns - board_clock rise@0.000ns)
  Data Path Delay:        0.357ns  (logic 0.141ns (39.536%)  route 0.216ns (60.464%))
  Logic Levels:           0  
  Clock Path Skew:        0.263ns (DCD - SCD - CPR)
    Destination Clock Delay (DCD):    1.993ns
    Source Clock Delay      (SCD):    1.479ns
    Clock Pessimism Removal (CPR):    0.250ns

    Location             Delay type                Incr(ns)  Path(ns)    Netlist Resource(s)
  -------------------------------------------------------------------    -------------------
                         (clock board_clock rise edge)
                                                      0.000     0.000 r  
    E3                                                0.000     0.000 r  CLK100MHZ (IN)
                         net (fo=0)                   0.000     0.000    CLK100MHZ
    E3                   IBUF (Prop_ibuf_I_O)         0.250     0.250 r  CLK100MHZ_IBUF_inst/O
                         net (fo=2, routed)           0.644     0.894    CLK100MHZ_IBUF
    BUFGCTRL_X0Y16       BUFG (Prop_bufg_I_O)         0.026     0.920 r  CLK100MHZ_IBUF_BUFG_inst/O
                         net (fo=77, routed)          0.560     1.479    CLK100MHZ_IBUF_BUFG
    SLICE_X48Y104        FDPE                                         r  resetSyncStage2_reg/C
  -------------------------------------------------------------------    -------------------
    SLICE_X48Y104        FDPE (Prop_fdpe_C_Q)         0.141     1.620 r  resetSyncStage2_reg/Q
                         net (fo=88, routed)          0.216     1.836    displayDriver/out
    SLICE_X52Y104        FDRE                                         r  displayDriver/refreshCounter_reg[7]/R
  -------------------------------------------------------------------    -------------------

                         (clock board_clock rise edge)
                                                      0.000     0.000 r  
    E3                                                0.000     0.000 r  CLK100MHZ (IN)
                         net (fo=0)                   0.000     0.000    CLK100MHZ
    E3                   IBUF (Prop_ibuf_I_O)         0.438     0.438 r  CLK100MHZ_IBUF_inst/O
                         net (fo=2, routed)           0.699     1.136    CLK100MHZ_IBUF
    BUFGCTRL_X0Y16       BUFG (Prop_bufg_I_O)         0.029     1.165 r  CLK100MHZ_IBUF_BUFG_inst/O
                         net (fo=77, routed)          0.827     1.993    displayDriver/CLK
    SLICE_X52Y104        FDRE                                         r  displayDriver/refreshCounter_reg[7]/C
                         clock pessimism             -0.250     1.742    
    SLICE_X52Y104        FDRE (Hold_fdre_C_R)        -0.018     1.724    displayDriver/refreshCounter_reg[7]
  -------------------------------------------------------------------
                         required time                         -1.724    
                         arrival time                           1.836    
  -------------------------------------------------------------------
                         slack                                  0.112    

Slack (MET) :             0.115ns  (arrival time - required time)
  Source:                 automaticCounter_reg[11]/C
                            (rising edge-triggered cell FDRE clocked by board_clock  {rise@0.000ns fall@5.000ns period=10.000ns})
  Destination:            automaticCounter_reg[14]/D
                            (rising edge-triggered cell FDRE clocked by board_clock  {rise@0.000ns fall@5.000ns period=10.000ns})
  Path Group:             board_clock
  Path Type:              Hold (Min at Fast Process Corner)
  Requirement:            0.000ns  (board_clock rise@0.000ns - board_clock rise@0.000ns)
  Data Path Delay:        0.484ns  (logic 0.366ns (75.635%)  route 0.118ns (24.365%))
  Logic Levels:           2  (CARRY4=2)
  Clock Path Skew:        0.264ns (DCD - SCD - CPR)
    Destination Clock Delay (DCD):    1.994ns
    Source Clock Delay      (SCD):    1.484ns
    Clock Pessimism Removal (CPR):    0.245ns

    Location             Delay type                Incr(ns)  Path(ns)    Netlist Resource(s)
  -------------------------------------------------------------------    -------------------
                         (clock board_clock rise edge)
                                                      0.000     0.000 r  
    E3                                                0.000     0.000 r  CLK100MHZ (IN)
                         net (fo=0)                   0.000     0.000    CLK100MHZ
    E3                   IBUF (Prop_ibuf_I_O)         0.250     0.250 r  CLK100MHZ_IBUF_inst/O
                         net (fo=2, routed)           0.644     0.894    CLK100MHZ_IBUF
    BUFGCTRL_X0Y16       BUFG (Prop_bufg_I_O)         0.026     0.920 r  CLK100MHZ_IBUF_BUFG_inst/O
                         net (fo=77, routed)          0.565     1.484    CLK100MHZ_IBUF_BUFG
    SLICE_X53Y99         FDRE                                         r  automaticCounter_reg[11]/C
  -------------------------------------------------------------------    -------------------
    SLICE_X53Y99         FDRE (Prop_fdre_C_Q)         0.141     1.625 r  automaticCounter_reg[11]/Q
                         net (fo=2, routed)           0.117     1.743    automaticCounter_reg[11]
    SLICE_X53Y99         CARRY4 (Prop_carry4_S[3]_CO[3])
                                                      0.160     1.903 r  automaticCounter_reg[8]_i_1/CO[3]
                         net (fo=1, routed)           0.001     1.903    automaticCounter_reg[8]_i_1_n_0
    SLICE_X53Y100        CARRY4 (Prop_carry4_CI_O[2])
                                                      0.065     1.968 r  automaticCounter_reg[12]_i_1/O[2]
                         net (fo=1, routed)           0.000     1.968    automaticCounter_reg[12]_i_1_n_5
    SLICE_X53Y100        FDRE                                         r  automaticCounter_reg[14]/D
  -------------------------------------------------------------------    -------------------

                         (clock board_clock rise edge)
                                                      0.000     0.000 r  
    E3                                                0.000     0.000 r  CLK100MHZ (IN)
                         net (fo=0)                   0.000     0.000    CLK100MHZ
    E3                   IBUF (Prop_ibuf_I_O)         0.438     0.438 r  CLK100MHZ_IBUF_inst/O
                         net (fo=2, routed)           0.699     1.136    CLK100MHZ_IBUF
    BUFGCTRL_X0Y16       BUFG (Prop_bufg_I_O)         0.029     1.165 r  CLK100MHZ_IBUF_BUFG_inst/O
                         net (fo=77, routed)          0.828     1.994    CLK100MHZ_IBUF_BUFG
    SLICE_X53Y100        FDRE                                         r  automaticCounter_reg[14]/C
                         clock pessimism             -0.245     1.748    
    SLICE_X53Y100        FDRE (Hold_fdre_C_D)         0.105     1.853    automaticCounter_reg[14]
  -------------------------------------------------------------------
                         required time                         -1.853    
                         arrival time                           1.968    
  -------------------------------------------------------------------
                         slack                                  0.115    

Slack (MET) :             0.118ns  (arrival time - required time)
  Source:                 stepButton/debounceCounter_reg[3]/C
                            (rising edge-triggered cell FDRE clocked by board_clock  {rise@0.000ns fall@5.000ns period=10.000ns})
  Destination:            stepButton/debounceCounter_reg[6]/D
                            (rising edge-triggered cell FDRE clocked by board_clock  {rise@0.000ns fall@5.000ns period=10.000ns})
  Path Group:             board_clock
  Path Type:              Hold (Min at Fast Process Corner)
  Requirement:            0.000ns  (board_clock rise@0.000ns - board_clock rise@0.000ns)
  Data Path Delay:        0.487ns  (logic 0.366ns (75.144%)  route 0.121ns (24.856%))
  Logic Levels:           2  (CARRY4=2)
  Clock Path Skew:        0.264ns (DCD - SCD - CPR)
    Destination Clock Delay (DCD):    1.994ns
    Source Clock Delay      (SCD):    1.484ns
    Clock Pessimism Removal (CPR):    0.245ns

    Location             Delay type                Incr(ns)  Path(ns)    Netlist Resource(s)
  -------------------------------------------------------------------    -------------------
                         (clock board_clock rise edge)
                                                      0.000     0.000 r  
    E3                                                0.000     0.000 r  CLK100MHZ (IN)
                         net (fo=0)                   0.000     0.000    CLK100MHZ
    E3                   IBUF (Prop_ibuf_I_O)         0.250     0.250 r  CLK100MHZ_IBUF_inst/O
                         net (fo=2, routed)           0.644     0.894    CLK100MHZ_IBUF
    BUFGCTRL_X0Y16       BUFG (Prop_bufg_I_O)         0.026     0.920 r  CLK100MHZ_IBUF_BUFG_inst/O
                         net (fo=77, routed)          0.565     1.484    stepButton/CLK
    SLICE_X55Y99         FDRE                                         r  stepButton/debounceCounter_reg[3]/C
  -------------------------------------------------------------------    -------------------
    SLICE_X55Y99         FDRE (Prop_fdre_C_Q)         0.141     1.625 r  stepButton/debounceCounter_reg[3]/Q
                         net (fo=2, routed)           0.120     1.746    stepButton/debounceCounter_reg[3]
    SLICE_X55Y99         CARRY4 (Prop_carry4_S[3]_CO[3])
                                                      0.160     1.906 r  stepButton/debounceCounter_reg[0]_i_2/CO[3]
                         net (fo=1, routed)           0.001     1.906    stepButton/debounceCounter_reg[0]_i_2_n_0
    SLICE_X55Y100        CARRY4 (Prop_carry4_CI_O[2])
                                                      0.065     1.971 r  stepButton/debounceCounter_reg[4]_i_1/O[2]
                         net (fo=1, routed)           0.000     1.971    stepButton/debounceCounter_reg[4]_i_1_n_5
    SLICE_X55Y100        FDRE                                         r  stepButton/debounceCounter_reg[6]/D
  -------------------------------------------------------------------    -------------------

                         (clock board_clock rise edge)
                                                      0.000     0.000 r  
    E3                                                0.000     0.000 r  CLK100MHZ (IN)
                         net (fo=0)                   0.000     0.000    CLK100MHZ
    E3                   IBUF (Prop_ibuf_I_O)         0.438     0.438 r  CLK100MHZ_IBUF_inst/O
                         net (fo=2, routed)           0.699     1.136    CLK100MHZ_IBUF
    BUFGCTRL_X0Y16       BUFG (Prop_bufg_I_O)         0.029     1.165 r  CLK100MHZ_IBUF_BUFG_inst/O
                         net (fo=77, routed)          0.828     1.994    stepButton/CLK
    SLICE_X55Y100        FDRE                                         r  stepButton/debounceCounter_reg[6]/C
                         clock pessimism             -0.245     1.748    
    SLICE_X55Y100        FDRE (Hold_fdre_C_D)         0.105     1.853    stepButton/debounceCounter_reg[6]
  -------------------------------------------------------------------
                         required time                         -1.853    
                         arrival time                           1.971    
  -------------------------------------------------------------------
                         slack                                  0.118    

Slack (MET) :             0.140ns  (arrival time - required time)
  Source:                 automaticCounter_reg[11]/C
                            (rising edge-triggered cell FDRE clocked by board_clock  {rise@0.000ns fall@5.000ns period=10.000ns})
  Destination:            automaticCounter_reg[13]/D
                            (rising edge-triggered cell FDRE clocked by board_clock  {rise@0.000ns fall@5.000ns period=10.000ns})
  Path Group:             board_clock
  Path Type:              Hold (Min at Fast Process Corner)
  Requirement:            0.000ns  (board_clock rise@0.000ns - board_clock rise@0.000ns)
  Data Path Delay:        0.509ns  (logic 0.391ns (76.832%)  route 0.118ns (23.168%))
  Logic Levels:           2  (CARRY4=2)
  Clock Path Skew:        0.264ns (DCD - SCD - CPR)
    Destination Clock Delay (DCD):    1.994ns
    Source Clock Delay      (SCD):    1.484ns
    Clock Pessimism Removal (CPR):    0.245ns

    Location             Delay type                Incr(ns)  Path(ns)    Netlist Resource(s)
  -------------------------------------------------------------------    -------------------
                         (clock board_clock rise edge)
                                                      0.000     0.000 r  
    E3                                                0.000     0.000 r  CLK100MHZ (IN)
                         net (fo=0)                   0.000     0.000    CLK100MHZ
    E3                   IBUF (Prop_ibuf_I_O)         0.250     0.250 r  CLK100MHZ_IBUF_inst/O
                         net (fo=2, routed)           0.644     0.894    CLK100MHZ_IBUF
    BUFGCTRL_X0Y16       BUFG (Prop_bufg_I_O)         0.026     0.920 r  CLK100MHZ_IBUF_BUFG_inst/O
                         net (fo=77, routed)          0.565     1.484    CLK100MHZ_IBUF_BUFG
    SLICE_X53Y99         FDRE                                         r  automaticCounter_reg[11]/C
  -------------------------------------------------------------------    -------------------
    SLICE_X53Y99         FDRE (Prop_fdre_C_Q)         0.141     1.625 r  automaticCounter_reg[11]/Q
                         net (fo=2, routed)           0.117     1.743    automaticCounter_reg[11]
    SLICE_X53Y99         CARRY4 (Prop_carry4_S[3]_CO[3])
                                                      0.160     1.903 r  automaticCounter_reg[8]_i_1/CO[3]
                         net (fo=1, routed)           0.001     1.903    automaticCounter_reg[8]_i_1_n_0
    SLICE_X53Y100        CARRY4 (Prop_carry4_CI_O[1])
                                                      0.090     1.993 r  automaticCounter_reg[12]_i_1/O[1]
                         net (fo=1, routed)           0.000     1.993    automaticCounter_reg[12]_i_1_n_6
    SLICE_X53Y100        FDRE                                         r  automaticCounter_reg[13]/D
  -------------------------------------------------------------------    -------------------

                         (clock board_clock rise edge)
                                                      0.000     0.000 r  
    E3                                                0.000     0.000 r  CLK100MHZ (IN)
                         net (fo=0)                   0.000     0.000    CLK100MHZ
    E3                   IBUF (Prop_ibuf_I_O)         0.438     0.438 r  CLK100MHZ_IBUF_inst/O
                         net (fo=2, routed)           0.699     1.136    CLK100MHZ_IBUF
    BUFGCTRL_X0Y16       BUFG (Prop_bufg_I_O)         0.029     1.165 r  CLK100MHZ_IBUF_BUFG_inst/O
                         net (fo=77, routed)          0.828     1.994    CLK100MHZ_IBUF_BUFG
    SLICE_X53Y100        FDRE                                         r  automaticCounter_reg[13]/C
                         clock pessimism             -0.245     1.748    
    SLICE_X53Y100        FDRE (Hold_fdre_C_D)         0.105     1.853    automaticCounter_reg[13]
  -------------------------------------------------------------------
                         required time                         -1.853    
                         arrival time                           1.993    
  -------------------------------------------------------------------
                         slack                                  0.140    





Pulse Width Checks
--------------------------------------------------------------------------------------
Clock Name:         board_clock
Waveform(ns):       { 0.000 5.000 }
Period(ns):         10.000
Sources:            { CLK100MHZ }

Check Type        Corner  Lib Pin      Reference Pin  Required(ns)  Actual(ns)  Slack(ns)  Location        Pin
Min Period        n/a     BUFG/I       n/a            2.155         10.000      7.845      BUFGCTRL_X0Y16  CLK100MHZ_IBUF_BUFG_inst/I
Min Period        n/a     BUFGCTRL/I0  n/a            2.155         10.000      7.845      BUFGCTRL_X0Y17  hardwareClockBuffer.coreClockBuffer/I0
Min Period        n/a     FDRE/C       n/a            1.000         10.000      9.000      SLICE_X53Y97    automaticCounter_reg[0]/C
Min Period        n/a     FDRE/C       n/a            1.000         10.000      9.000      SLICE_X53Y99    automaticCounter_reg[10]/C
Min Period        n/a     FDRE/C       n/a            1.000         10.000      9.000      SLICE_X53Y99    automaticCounter_reg[11]/C
Min Period        n/a     FDRE/C       n/a            1.000         10.000      9.000      SLICE_X53Y100   automaticCounter_reg[12]/C
Min Period        n/a     FDRE/C       n/a            1.000         10.000      9.000      SLICE_X53Y100   automaticCounter_reg[13]/C
Min Period        n/a     FDRE/C       n/a            1.000         10.000      9.000      SLICE_X53Y100   automaticCounter_reg[14]/C
Min Period        n/a     FDRE/C       n/a            1.000         10.000      9.000      SLICE_X53Y100   automaticCounter_reg[15]/C
Min Period        n/a     FDRE/C       n/a            1.000         10.000      9.000      SLICE_X53Y101   automaticCounter_reg[16]/C
Low Pulse Width   Slow    FDRE/C       n/a            0.500         5.000       4.500      SLICE_X53Y97    automaticCounter_reg[0]/C
Low Pulse Width   Fast    FDRE/C       n/a            0.500         5.000       4.500      SLICE_X53Y97    automaticCounter_reg[0]/C
Low Pulse Width   Slow    FDRE/C       n/a            0.500         5.000       4.500      SLICE_X53Y99    automaticCounter_reg[10]/C
Low Pulse Width   Fast    FDRE/C       n/a            0.500         5.000       4.500      SLICE_X53Y99    automaticCounter_reg[10]/C
Low Pulse Width   Slow    FDRE/C       n/a            0.500         5.000       4.500      SLICE_X53Y99    automaticCounter_reg[11]/C
Low Pulse Width   Fast    FDRE/C       n/a            0.500         5.000       4.500      SLICE_X53Y99    automaticCounter_reg[11]/C
Low Pulse Width   Slow    FDRE/C       n/a            0.500         5.000       4.500      SLICE_X53Y100   automaticCounter_reg[12]/C
Low Pulse Width   Fast    FDRE/C       n/a            0.500         5.000       4.500      SLICE_X53Y100   automaticCounter_reg[12]/C
Low Pulse Width   Slow    FDRE/C       n/a            0.500         5.000       4.500      SLICE_X53Y100   automaticCounter_reg[13]/C
Low Pulse Width   Fast    FDRE/C       n/a            0.500         5.000       4.500      SLICE_X53Y100   automaticCounter_reg[13]/C
High Pulse Width  Slow    FDRE/C       n/a            0.500         5.000       4.500      SLICE_X53Y97    automaticCounter_reg[0]/C
High Pulse Width  Fast    FDRE/C       n/a            0.500         5.000       4.500      SLICE_X53Y97    automaticCounter_reg[0]/C
High Pulse Width  Slow    FDRE/C       n/a            0.500         5.000       4.500      SLICE_X53Y99    automaticCounter_reg[10]/C
High Pulse Width  Fast    FDRE/C       n/a            0.500         5.000       4.500      SLICE_X53Y99    automaticCounter_reg[10]/C
High Pulse Width  Slow    FDRE/C       n/a            0.500         5.000       4.500      SLICE_X53Y99    automaticCounter_reg[11]/C
High Pulse Width  Fast    FDRE/C       n/a            0.500         5.000       4.500      SLICE_X53Y99    automaticCounter_reg[11]/C
High Pulse Width  Slow    FDRE/C       n/a            0.500         5.000       4.500      SLICE_X53Y100   automaticCounter_reg[12]/C
High Pulse Width  Fast    FDRE/C       n/a            0.500         5.000       4.500      SLICE_X53Y100   automaticCounter_reg[12]/C
High Pulse Width  Slow    FDRE/C       n/a            0.500         5.000       4.500      SLICE_X53Y100   automaticCounter_reg[13]/C
High Pulse Width  Fast    FDRE/C       n/a            0.500         5.000       4.500      SLICE_X53Y100   automaticCounter_reg[13]/C



--------------------------------------------------------------------------------------
Path Group:  (none)
From Clock:  board_clock
  To Clock:  

Max Delay            32 Endpoints
Min Delay            32 Endpoints
--------------------------------------------------------------------------------------


Max Delay Paths
--------------------------------------------------------------------------------------
Slack:                    inf
  Source:                 processor/controlUnit/FSM_onehot_currentState_reg[4]/C
                            (rising edge-triggered cell FDRE clocked by board_clock  {rise@0.000ns fall@5.000ns period=10.000ns})
  Destination:            LED[10]
                            (output port)
  Path Group:             (none)
  Path Type:              Max at Slow Process Corner
  Data Path Delay:        12.438ns  (logic 4.670ns (37.549%)  route 7.768ns (62.451%))
  Logic Levels:           4  (LUT4=1 LUT6=2 OBUF=1)
  Clock Uncertainty:      0.025ns  ((TSJ^2 + TIJ^2)^1/2 + DJ) / 2 + PE
    Total System Jitter     (TSJ):    0.050ns
    Total Input Jitter      (TIJ):    0.000ns
    Discrete Jitter          (DJ):    0.000ns
    Phase Error              (PE):    0.000ns
  Timing Exception:       False Path

    Location             Delay type                Incr(ns)  Path(ns)    Netlist Resource(s)
  -------------------------------------------------------------------    -------------------
                         (clock board_clock rise edge)
                                                      0.000     0.000 r  
    E3                                                0.000     0.000 r  CLK100MHZ (IN)
                         net (fo=0)                   0.000     0.000    CLK100MHZ
    E3                   IBUF (Prop_ibuf_I_O)         1.482     1.482 r  CLK100MHZ_IBUF_inst/O
                         net (fo=2, routed)           2.025     3.506    CLK100MHZ_IBUF
    BUFGCTRL_X0Y17       BUFGCTRL (Prop_bufgctrl_I0_O)
                                                      0.096     3.602 r  hardwareClockBuffer.coreClockBuffer/O
                         net (fo=56, routed)          1.610     5.212    processor/controlUnit/CLK
    SLICE_X56Y106        FDRE                                         r  processor/controlUnit/FSM_onehot_currentState_reg[4]/C
  -------------------------------------------------------------------    -------------------
    SLICE_X56Y106        FDRE (Prop_fdre_C_Q)         0.518     5.730 r  processor/controlUnit/FSM_onehot_currentState_reg[4]/Q
                         net (fo=15, routed)          1.247     6.977    processor/instructionReg/registers_reg[2][7]_0[4]
    SLICE_X54Y108        LUT4 (Prop_lut4_I1_O)        0.148     7.125 r  processor/instructionReg/registers[2][4]_i_4/O
                         net (fo=4, routed)           1.046     8.172    processor/instructionReg/registers[2][4]_i_4_n_0
    SLICE_X54Y107        LUT6 (Prop_lut6_I4_O)        0.328     8.500 r  processor/instructionReg/registers[2][2]_i_1/O
                         net (fo=4, routed)           1.013     9.513    processor/instructionReg/executionResult_reg[7][2]
    SLICE_X54Y106        LUT6 (Prop_lut6_I0_O)        0.124     9.637 r  processor/instructionReg/LED_OBUF[10]_inst_i_1/O
                         net (fo=1, routed)           4.461    14.098    LED_OBUF[10]
    U14                  OBUF (Prop_obuf_I_O)         3.552    17.650 r  LED_OBUF[10]_inst/O
                         net (fo=0)                   0.000    17.650    LED[10]
    U14                                                               r  LED[10] (OUT)
  -------------------------------------------------------------------    -------------------

Slack:                    inf
  Source:                 processor/instructionReg/instructionOut_reg[15]/C
                            (rising edge-triggered cell FDRE clocked by board_clock  {rise@0.000ns fall@5.000ns period=10.000ns})
  Destination:            CB
                            (output port)
  Path Group:             (none)
  Path Type:              Max at Slow Process Corner
  Data Path Delay:        11.992ns  (logic 4.518ns (37.678%)  route 7.474ns (62.322%))
  Logic Levels:           4  (LUT4=1 LUT6=2 OBUF=1)
  Clock Uncertainty:      0.025ns  ((TSJ^2 + TIJ^2)^1/2 + DJ) / 2 + PE
    Total System Jitter     (TSJ):    0.050ns
    Total Input Jitter      (TIJ):    0.000ns
    Discrete Jitter          (DJ):    0.000ns
    Phase Error              (PE):    0.000ns
  Timing Exception:       False Path

    Location             Delay type                Incr(ns)  Path(ns)    Netlist Resource(s)
  -------------------------------------------------------------------    -------------------
                         (clock board_clock rise edge)
                                                      0.000     0.000 r  
    E3                                                0.000     0.000 r  CLK100MHZ (IN)
                         net (fo=0)                   0.000     0.000    CLK100MHZ
    E3                   IBUF (Prop_ibuf_I_O)         1.482     1.482 r  CLK100MHZ_IBUF_inst/O
                         net (fo=2, routed)           2.025     3.506    CLK100MHZ_IBUF
    BUFGCTRL_X0Y17       BUFGCTRL (Prop_bufgctrl_I0_O)
                                                      0.096     3.602 r  hardwareClockBuffer.coreClockBuffer/O
                         net (fo=56, routed)          1.608     5.210    processor/instructionReg/CLK
    SLICE_X55Y108        FDRE                                         r  processor/instructionReg/instructionOut_reg[15]/C
  -------------------------------------------------------------------    -------------------
    SLICE_X55Y108        FDRE (Prop_fdre_C_Q)         0.419     5.629 r  processor/instructionReg/instructionOut_reg[15]/Q
                         net (fo=28, routed)          1.025     6.655    displayDriver/CA_OBUF_inst_i_2_0[0]
    SLICE_X53Y107        LUT6 (Prop_lut6_I1_O)        0.296     6.951 r  displayDriver/CA_OBUF_inst_i_6/O
                         net (fo=1, routed)           0.789     7.739    displayDriver/CA_OBUF_inst_i_6_n_0
    SLICE_X53Y106        LUT6 (Prop_lut6_I0_O)        0.124     7.863 r  displayDriver/CA_OBUF_inst_i_2/O
                         net (fo=7, routed)           1.601     9.464    processor/instructionReg/CB
    SLICE_X46Y91         LUT4 (Prop_lut4_I0_O)        0.124     9.588 r  processor/instructionReg/CB_OBUF_inst_i_1/O
                         net (fo=1, routed)           4.059    13.647    CB_OBUF
    R10                  OBUF (Prop_obuf_I_O)         3.555    17.203 r  CB_OBUF_inst/O
                         net (fo=0)                   0.000    17.203    CB
    R10                                                               r  CB (OUT)
  -------------------------------------------------------------------    -------------------

Slack:                    inf
  Source:                 processor/controlUnit/FSM_onehot_currentState_reg[4]/C
                            (rising edge-triggered cell FDRE clocked by board_clock  {rise@0.000ns fall@5.000ns period=10.000ns})
  Destination:            LED[9]
                            (output port)
  Path Group:             (none)
  Path Type:              Max at Slow Process Corner
  Data Path Delay:        11.762ns  (logic 4.672ns (39.722%)  route 7.090ns (60.278%))
  Logic Levels:           4  (LUT4=1 LUT5=1 LUT6=1 OBUF=1)
  Clock Uncertainty:      0.025ns  ((TSJ^2 + TIJ^2)^1/2 + DJ) / 2 + PE
    Total System Jitter     (TSJ):    0.050ns
    Total Input Jitter      (TIJ):    0.000ns
    Discrete Jitter          (DJ):    0.000ns
    Phase Error              (PE):    0.000ns
  Timing Exception:       False Path

    Location             Delay type                Incr(ns)  Path(ns)    Netlist Resource(s)
  -------------------------------------------------------------------    -------------------
                         (clock board_clock rise edge)
                                                      0.000     0.000 r  
    E3                                                0.000     0.000 r  CLK100MHZ (IN)
                         net (fo=0)                   0.000     0.000    CLK100MHZ
    E3                   IBUF (Prop_ibuf_I_O)         1.482     1.482 r  CLK100MHZ_IBUF_inst/O
                         net (fo=2, routed)           2.025     3.506    CLK100MHZ_IBUF
    BUFGCTRL_X0Y17       BUFGCTRL (Prop_bufgctrl_I0_O)
                                                      0.096     3.602 r  hardwareClockBuffer.coreClockBuffer/O
                         net (fo=56, routed)          1.610     5.212    processor/controlUnit/CLK
    SLICE_X56Y106        FDRE                                         r  processor/controlUnit/FSM_onehot_currentState_reg[4]/C
  -------------------------------------------------------------------    -------------------
    SLICE_X56Y106        FDRE (Prop_fdre_C_Q)         0.518     5.730 r  processor/controlUnit/FSM_onehot_currentState_reg[4]/Q
                         net (fo=15, routed)          1.247     6.977    processor/instructionReg/registers_reg[2][7]_0[4]
    SLICE_X54Y108        LUT4 (Prop_lut4_I1_O)        0.148     7.125 r  processor/instructionReg/registers[2][4]_i_4/O
                         net (fo=4, routed)           1.032     8.158    processor/instructionReg/registers[2][4]_i_4_n_0
    SLICE_X55Y107        LUT6 (Prop_lut6_I4_O)        0.328     8.486 r  processor/instructionReg/registers[2][1]_i_1/O
                         net (fo=4, routed)           0.796     9.281    processor/instructionReg/executionResult_reg[7][1]
    SLICE_X54Y105        LUT5 (Prop_lut5_I0_O)        0.124     9.405 r  processor/instructionReg/LED_OBUF[9]_inst_i_1/O
                         net (fo=1, routed)           4.015    13.420    LED_OBUF[9]
    T15                  OBUF (Prop_obuf_I_O)         3.554    16.975 r  LED_OBUF[9]_inst/O
                         net (fo=0)                   0.000    16.975    LED[9]
    T15                                                               r  LED[9] (OUT)
  -------------------------------------------------------------------    -------------------

Slack:                    inf
  Source:                 processor/instructionReg/instructionOut_reg[13]/C
                            (rising edge-triggered cell FDRE clocked by board_clock  {rise@0.000ns fall@5.000ns period=10.000ns})
  Destination:            LED[14]
                            (output port)
  Path Group:             (none)
  Path Type:              Max at Slow Process Corner
  Data Path Delay:        11.613ns  (logic 4.772ns (41.094%)  route 6.841ns (58.906%))
  Logic Levels:           4  (LUT4=1 LUT6=2 OBUF=1)
  Clock Uncertainty:      0.025ns  ((TSJ^2 + TIJ^2)^1/2 + DJ) / 2 + PE
    Total System Jitter     (TSJ):    0.050ns
    Total Input Jitter      (TIJ):    0.000ns
    Discrete Jitter          (DJ):    0.000ns
    Phase Error              (PE):    0.000ns
  Timing Exception:       False Path

    Location             Delay type                Incr(ns)  Path(ns)    Netlist Resource(s)
  -------------------------------------------------------------------    -------------------
                         (clock board_clock rise edge)
                                                      0.000     0.000 r  
    E3                                                0.000     0.000 r  CLK100MHZ (IN)
                         net (fo=0)                   0.000     0.000    CLK100MHZ
    E3                   IBUF (Prop_ibuf_I_O)         1.482     1.482 r  CLK100MHZ_IBUF_inst/O
                         net (fo=2, routed)           2.025     3.506    CLK100MHZ_IBUF
    BUFGCTRL_X0Y17       BUFGCTRL (Prop_bufgctrl_I0_O)
                                                      0.096     3.602 r  hardwareClockBuffer.coreClockBuffer/O
                         net (fo=56, routed)          1.608     5.210    processor/instructionReg/CLK
    SLICE_X55Y108        FDRE                                         r  processor/instructionReg/instructionOut_reg[13]/C
  -------------------------------------------------------------------    -------------------
    SLICE_X55Y108        FDRE (Prop_fdre_C_Q)         0.419     5.629 r  processor/instructionReg/instructionOut_reg[13]/Q
                         net (fo=33, routed)          1.101     6.731    processor/instructionReg/Q[7]
    SLICE_X57Y107        LUT4 (Prop_lut4_I1_O)        0.327     7.058 r  processor/instructionReg/registers[2][6]_i_3/O
                         net (fo=1, routed)           0.266     7.323    processor/instructionReg/writeBackSelect[1]
    SLICE_X57Y107        LUT6 (Prop_lut6_I5_O)        0.332     7.655 r  processor/instructionReg/registers[2][6]_i_1/O
                         net (fo=4, routed)           1.202     8.857    processor/instructionReg/executionResult_reg[7][6]
    SLICE_X53Y106        LUT6 (Prop_lut6_I0_O)        0.124     8.981 r  processor/instructionReg/LED_OBUF[14]_inst_i_1/O
                         net (fo=1, routed)           4.272    13.253    LED_OBUF[14]
    V12                  OBUF (Prop_obuf_I_O)         3.570    16.823 r  LED_OBUF[14]_inst/O
                         net (fo=0)                   0.000    16.823    LED[14]
    V12                                                               r  LED[14] (OUT)
  -------------------------------------------------------------------    -------------------

Slack:                    inf
  Source:                 processor/pc/programAddress_reg[1]/C
                            (rising edge-triggered cell FDRE clocked by board_clock  {rise@0.000ns fall@5.000ns period=10.000ns})
  Destination:            CF
                            (output port)
  Path Group:             (none)
  Path Type:              Max at Slow Process Corner
  Data Path Delay:        11.604ns  (logic 5.021ns (43.267%)  route 6.583ns (56.733%))
  Logic Levels:           4  (LUT4=1 LUT6=1 MUXF7=1 OBUF=1)
  Clock Uncertainty:      0.025ns  ((TSJ^2 + TIJ^2)^1/2 + DJ) / 2 + PE
    Total System Jitter     (TSJ):    0.050ns
    Total Input Jitter      (TIJ):    0.000ns
    Discrete Jitter          (DJ):    0.000ns
    Phase Error              (PE):    0.000ns
  Timing Exception:       False Path

    Location             Delay type                Incr(ns)  Path(ns)    Netlist Resource(s)
  -------------------------------------------------------------------    -------------------
                         (clock board_clock rise edge)
                                                      0.000     0.000 r  
    E3                                                0.000     0.000 r  CLK100MHZ (IN)
                         net (fo=0)                   0.000     0.000    CLK100MHZ
    E3                   IBUF (Prop_ibuf_I_O)         1.482     1.482 r  CLK100MHZ_IBUF_inst/O
                         net (fo=2, routed)           2.025     3.506    CLK100MHZ_IBUF
    BUFGCTRL_X0Y17       BUFGCTRL (Prop_bufgctrl_I0_O)
                                                      0.096     3.602 r  hardwareClockBuffer.coreClockBuffer/O
                         net (fo=56, routed)          1.607     5.209    processor/pc/CLK
    SLICE_X53Y109        FDRE                                         r  processor/pc/programAddress_reg[1]/C
  -------------------------------------------------------------------    -------------------
    SLICE_X53Y109        FDRE (Prop_fdre_C_Q)         0.419     5.628 r  processor/pc/programAddress_reg[1]/Q
                         net (fo=15, routed)          1.379     7.007    processor/pc/Q[1]
    SLICE_X53Y105        LUT6 (Prop_lut6_I1_O)        0.299     7.306 r  processor/pc/CA_OBUF_inst_i_12/O
                         net (fo=1, routed)           0.000     7.306    processor/instructionReg/CA_OBUF_inst_i_1_1
    SLICE_X53Y105        MUXF7 (Prop_muxf7_I1_O)      0.217     7.523 r  processor/instructionReg/CA_OBUF_inst_i_5/O
                         net (fo=7, routed)           1.818     9.341    processor/instructionReg/CA_OBUF_inst_i_5_n_0
    SLICE_X46Y91         LUT4 (Prop_lut4_I2_O)        0.321     9.662 r  processor/instructionReg/CF_OBUF_inst_i_1/O
                         net (fo=1, routed)           3.387    13.049    CF_OBUF
    T11                  OBUF (Prop_obuf_I_O)         3.765    16.813 r  CF_OBUF_inst/O
                         net (fo=0)                   0.000    16.813    CF
    T11                                                               r  CF (OUT)
  -------------------------------------------------------------------    -------------------

Slack:                    inf
  Source:                 processor/registerFile/registers_reg[0][5]/C
                            (rising edge-triggered cell FDRE clocked by board_clock  {rise@0.000ns fall@5.000ns period=10.000ns})
  Destination:            LED[13]
                            (output port)
  Path Group:             (none)
  Path Type:              Max at Slow Process Corner
  Data Path Delay:        11.591ns  (logic 4.677ns (40.351%)  route 6.914ns (59.649%))
  Logic Levels:           4  (LUT3=1 LUT6=2 OBUF=1)
  Clock Uncertainty:      0.025ns  ((TSJ^2 + TIJ^2)^1/2 + DJ) / 2 + PE
    Total System Jitter     (TSJ):    0.050ns
    Total Input Jitter      (TIJ):    0.000ns
    Discrete Jitter          (DJ):    0.000ns
    Phase Error              (PE):    0.000ns
  Timing Exception:       False Path

    Location             Delay type                Incr(ns)  Path(ns)    Netlist Resource(s)
  -------------------------------------------------------------------    -------------------
                         (clock board_clock rise edge)
                                                      0.000     0.000 r  
    E3                                                0.000     0.000 r  CLK100MHZ (IN)
                         net (fo=0)                   0.000     0.000    CLK100MHZ
    E3                   IBUF (Prop_ibuf_I_O)         1.482     1.482 r  CLK100MHZ_IBUF_inst/O
                         net (fo=2, routed)           2.025     3.506    CLK100MHZ_IBUF
    BUFGCTRL_X0Y17       BUFGCTRL (Prop_bufgctrl_I0_O)
                                                      0.096     3.602 r  hardwareClockBuffer.coreClockBuffer/O
                         net (fo=56, routed)          1.610     5.212    processor/registerFile/CLK
    SLICE_X56Y105        FDRE                                         r  processor/registerFile/registers_reg[0][5]/C
  -------------------------------------------------------------------    -------------------
    SLICE_X56Y105        FDRE (Prop_fdre_C_Q)         0.518     5.730 r  processor/registerFile/registers_reg[0][5]/Q
                         net (fo=3, routed)           0.822     6.553    processor/registerFile/registers_reg[0][5]
    SLICE_X57Y107        LUT3 (Prop_lut3_I2_O)        0.154     6.707 r  processor/registerFile/executionResult[6]_i_2/O
                         net (fo=3, routed)           1.008     7.715    processor/instructionReg/registerReadDataA[5]
    SLICE_X55Y105        LUT6 (Prop_lut6_I5_O)        0.327     8.042 r  processor/instructionReg/registers[2][5]_i_1/O
                         net (fo=4, routed)           0.588     8.630    processor/instructionReg/executionResult_reg[7][5]
    SLICE_X53Y105        LUT6 (Prop_lut6_I0_O)        0.124     8.754 r  processor/instructionReg/LED_OBUF[13]_inst_i_1/O
                         net (fo=1, routed)           4.495    13.249    LED_OBUF[13]
    V14                  OBUF (Prop_obuf_I_O)         3.554    16.803 r  LED_OBUF[13]_inst/O
                         net (fo=0)                   0.000    16.803    LED[13]
    V14                                                               r  LED[13] (OUT)
  -------------------------------------------------------------------    -------------------

Slack:                    inf
  Source:                 processor/instructionReg/instructionOut_reg[15]/C
                            (rising edge-triggered cell FDRE clocked by board_clock  {rise@0.000ns fall@5.000ns period=10.000ns})
  Destination:            LED[8]
                            (output port)
  Path Group:             (none)
  Path Type:              Max at Slow Process Corner
  Data Path Delay:        11.490ns  (logic 4.761ns (41.432%)  route 6.729ns (58.568%))
  Logic Levels:           4  (LUT4=1 LUT6=2 OBUF=1)
  Clock Uncertainty:      0.025ns  ((TSJ^2 + TIJ^2)^1/2 + DJ) / 2 + PE
    Total System Jitter     (TSJ):    0.050ns
    Total Input Jitter      (TIJ):    0.000ns
    Discrete Jitter          (DJ):    0.000ns
    Phase Error              (PE):    0.000ns
  Timing Exception:       False Path

    Location             Delay type                Incr(ns)  Path(ns)    Netlist Resource(s)
  -------------------------------------------------------------------    -------------------
                         (clock board_clock rise edge)
                                                      0.000     0.000 r  
    E3                                                0.000     0.000 r  CLK100MHZ (IN)
                         net (fo=0)                   0.000     0.000    CLK100MHZ
    E3                   IBUF (Prop_ibuf_I_O)         1.482     1.482 r  CLK100MHZ_IBUF_inst/O
                         net (fo=2, routed)           2.025     3.506    CLK100MHZ_IBUF
    BUFGCTRL_X0Y17       BUFGCTRL (Prop_bufgctrl_I0_O)
                                                      0.096     3.602 r  hardwareClockBuffer.coreClockBuffer/O
                         net (fo=56, routed)          1.608     5.210    processor/instructionReg/CLK
    SLICE_X55Y108        FDRE                                         r  processor/instructionReg/instructionOut_reg[15]/C
  -------------------------------------------------------------------    -------------------
    SLICE_X55Y108        FDRE (Prop_fdre_C_Q)         0.419     5.629 f  processor/instructionReg/instructionOut_reg[15]/Q
                         net (fo=28, routed)          1.221     6.850    processor/instructionReg/Q[8]
    SLICE_X54Y107        LUT4 (Prop_lut4_I0_O)        0.322     7.172 r  processor/instructionReg/registers[2][4]_i_2/O
                         net (fo=4, routed)           0.612     7.784    processor/instructionReg/registers[2][4]_i_2_n_0
    SLICE_X55Y107        LUT6 (Prop_lut6_I1_O)        0.348     8.132 r  processor/instructionReg/registers[2][0]_i_1/O
                         net (fo=4, routed)           0.818     8.950    processor/controlUnit/D[0]
    SLICE_X54Y107        LUT6 (Prop_lut6_I0_O)        0.124     9.074 r  processor/controlUnit/LED_OBUF[8]_inst_i_1/O
                         net (fo=1, routed)           4.079    13.153    LED_OBUF[8]
    V16                  OBUF (Prop_obuf_I_O)         3.548    16.700 r  LED_OBUF[8]_inst/O
                         net (fo=0)                   0.000    16.700    LED[8]
    V16                                                               r  LED[8] (OUT)
  -------------------------------------------------------------------    -------------------

Slack:                    inf
  Source:                 processor/instructionReg/instructionOut_reg[15]/C
                            (rising edge-triggered cell FDRE clocked by board_clock  {rise@0.000ns fall@5.000ns period=10.000ns})
  Destination:            CA
                            (output port)
  Path Group:             (none)
  Path Type:              Max at Slow Process Corner
  Data Path Delay:        11.416ns  (logic 4.790ns (41.958%)  route 6.626ns (58.042%))
  Logic Levels:           4  (LUT4=1 LUT6=2 OBUF=1)
  Clock Uncertainty:      0.025ns  ((TSJ^2 + TIJ^2)^1/2 + DJ) / 2 + PE
    Total System Jitter     (TSJ):    0.050ns
    Total Input Jitter      (TIJ):    0.000ns
    Discrete Jitter          (DJ):    0.000ns
    Phase Error              (PE):    0.000ns
  Timing Exception:       False Path

    Location             Delay type                Incr(ns)  Path(ns)    Netlist Resource(s)
  -------------------------------------------------------------------    -------------------
                         (clock board_clock rise edge)
                                                      0.000     0.000 r  
    E3                                                0.000     0.000 r  CLK100MHZ (IN)
                         net (fo=0)                   0.000     0.000    CLK100MHZ
    E3                   IBUF (Prop_ibuf_I_O)         1.482     1.482 r  CLK100MHZ_IBUF_inst/O
                         net (fo=2, routed)           2.025     3.506    CLK100MHZ_IBUF
    BUFGCTRL_X0Y17       BUFGCTRL (Prop_bufgctrl_I0_O)
                                                      0.096     3.602 r  hardwareClockBuffer.coreClockBuffer/O
                         net (fo=56, routed)          1.608     5.210    processor/instructionReg/CLK
    SLICE_X55Y108        FDRE                                         r  processor/instructionReg/instructionOut_reg[15]/C
  -------------------------------------------------------------------    -------------------
    SLICE_X55Y108        FDRE (Prop_fdre_C_Q)         0.419     5.629 r  processor/instructionReg/instructionOut_reg[15]/Q
                         net (fo=28, routed)          1.025     6.655    displayDriver/CA_OBUF_inst_i_2_0[0]
    SLICE_X53Y107        LUT6 (Prop_lut6_I1_O)        0.296     6.951 r  displayDriver/CA_OBUF_inst_i_6/O
                         net (fo=1, routed)           0.789     7.739    displayDriver/CA_OBUF_inst_i_6_n_0
    SLICE_X53Y106        LUT6 (Prop_lut6_I0_O)        0.124     7.863 r  displayDriver/CA_OBUF_inst_i_2/O
                         net (fo=7, routed)           1.450     9.313    processor/instructionReg/CB
    SLICE_X46Y91         LUT4 (Prop_lut4_I0_O)        0.150     9.463 r  processor/instructionReg/CA_OBUF_inst_i_1/O
                         net (fo=1, routed)           3.363    12.826    CA_OBUF
    T10                  OBUF (Prop_obuf_I_O)         3.801    16.627 r  CA_OBUF_inst/O
                         net (fo=0)                   0.000    16.627    CA
    T10                                                               r  CA (OUT)
  -------------------------------------------------------------------    -------------------

Slack:                    inf
  Source:                 processor/controlUnit/FSM_onehot_currentState_reg[4]/C
                            (rising edge-triggered cell FDRE clocked by board_clock  {rise@0.000ns fall@5.000ns period=10.000ns})
  Destination:            LED[12]
                            (output port)
  Path Group:             (none)
  Path Type:              Max at Slow Process Corner
  Data Path Delay:        11.339ns  (logic 4.670ns (41.185%)  route 6.669ns (58.815%))
  Logic Levels:           4  (LUT4=1 LUT5=1 LUT6=1 OBUF=1)
  Clock Uncertainty:      0.025ns  ((TSJ^2 + TIJ^2)^1/2 + DJ) / 2 + PE
    Total System Jitter     (TSJ):    0.050ns
    Total Input Jitter      (TIJ):    0.000ns
    Discrete Jitter          (DJ):    0.000ns
    Phase Error              (PE):    0.000ns
  Timing Exception:       False Path

    Location             Delay type                Incr(ns)  Path(ns)    Netlist Resource(s)
  -------------------------------------------------------------------    -------------------
                         (clock board_clock rise edge)
                                                      0.000     0.000 r  
    E3                                                0.000     0.000 r  CLK100MHZ (IN)
                         net (fo=0)                   0.000     0.000    CLK100MHZ
    E3                   IBUF (Prop_ibuf_I_O)         1.482     1.482 r  CLK100MHZ_IBUF_inst/O
                         net (fo=2, routed)           2.025     3.506    CLK100MHZ_IBUF
    BUFGCTRL_X0Y17       BUFGCTRL (Prop_bufgctrl_I0_O)
                                                      0.096     3.602 r  hardwareClockBuffer.coreClockBuffer/O
                         net (fo=56, routed)          1.610     5.212    processor/controlUnit/CLK
    SLICE_X56Y106        FDRE                                         r  processor/controlUnit/FSM_onehot_currentState_reg[4]/C
  -------------------------------------------------------------------    -------------------
    SLICE_X56Y106        FDRE (Prop_fdre_C_Q)         0.518     5.730 r  processor/controlUnit/FSM_onehot_currentState_reg[4]/Q
                         net (fo=15, routed)          1.247     6.977    processor/instructionReg/registers_reg[2][7]_0[4]
    SLICE_X54Y108        LUT4 (Prop_lut4_I1_O)        0.148     7.125 r  processor/instructionReg/registers[2][4]_i_4/O
                         net (fo=4, routed)           0.807     7.933    processor/instructionReg/registers[2][4]_i_4_n_0
    SLICE_X55Y107        LUT6 (Prop_lut6_I4_O)        0.328     8.261 r  processor/instructionReg/registers[2][4]_i_1/O
                         net (fo=4, routed)           0.470     8.731    processor/instructionReg/executionResult_reg[7][4]
    SLICE_X54Y105        LUT5 (Prop_lut5_I0_O)        0.124     8.855 r  processor/instructionReg/LED_OBUF[12]_inst_i_1/O
                         net (fo=1, routed)           4.144    12.999    LED_OBUF[12]
    V15                  OBUF (Prop_obuf_I_O)         3.552    16.551 r  LED_OBUF[12]_inst/O
                         net (fo=0)                   0.000    16.551    LED[12]
    V15                                                               r  LED[12] (OUT)
  -------------------------------------------------------------------    -------------------

Slack:                    inf
  Source:                 processor/registerFile/registers_reg[1][7]/C
                            (rising edge-triggered cell FDRE clocked by board_clock  {rise@0.000ns fall@5.000ns period=10.000ns})
  Destination:            LED[15]
                            (output port)
  Path Group:             (none)
  Path Type:              Max at Slow Process Corner
  Data Path Delay:        11.285ns  (logic 4.627ns (41.001%)  route 6.658ns (58.999%))
  Logic Levels:           4  (LUT3=1 LUT6=2 OBUF=1)
  Clock Uncertainty:      0.025ns  ((TSJ^2 + TIJ^2)^1/2 + DJ) / 2 + PE
    Total System Jitter     (TSJ):    0.050ns
    Total Input Jitter      (TIJ):    0.000ns
    Discrete Jitter          (DJ):    0.000ns
    Phase Error              (PE):    0.000ns
  Timing Exception:       False Path

    Location             Delay type                Incr(ns)  Path(ns)    Netlist Resource(s)
  -------------------------------------------------------------------    -------------------
                         (clock board_clock rise edge)
                                                      0.000     0.000 r  
    E3                                                0.000     0.000 r  CLK100MHZ (IN)
                         net (fo=0)                   0.000     0.000    CLK100MHZ
    E3                   IBUF (Prop_ibuf_I_O)         1.482     1.482 r  CLK100MHZ_IBUF_inst/O
                         net (fo=2, routed)           2.025     3.506    CLK100MHZ_IBUF
    BUFGCTRL_X0Y17       BUFGCTRL (Prop_bufgctrl_I0_O)
                                                      0.096     3.602 r  hardwareClockBuffer.coreClockBuffer/O
                         net (fo=56, routed)          1.609     5.211    processor/registerFile/CLK
    SLICE_X57Y107        FDRE                                         r  processor/registerFile/registers_reg[1][7]/C
  -------------------------------------------------------------------    -------------------
    SLICE_X57Y107        FDRE (Prop_fdre_C_Q)         0.456     5.667 r  processor/registerFile/registers_reg[1][7]/Q
                         net (fo=4, routed)           1.029     6.697    processor/registerFile/registers_reg[1][7]
    SLICE_X56Y106        LUT3 (Prop_lut3_I0_O)        0.150     6.847 r  processor/registerFile/executionResult[6]_i_4/O
                         net (fo=3, routed)           0.441     7.287    processor/instructionReg/registerReadDataA[6]
    SLICE_X55Y106        LUT6 (Prop_lut6_I5_O)        0.328     7.615 r  processor/instructionReg/registers[2][7]_i_2/O
                         net (fo=4, routed)           0.755     8.371    processor/instructionReg/executionResult_reg[7][7]
    SLICE_X54Y106        LUT6 (Prop_lut6_I0_O)        0.124     8.495 r  processor/instructionReg/LED_OBUF[15]_inst_i_1/O
                         net (fo=1, routed)           4.433    12.927    LED_OBUF[15]
    V11                  OBUF (Prop_obuf_I_O)         3.569    16.496 r  LED_OBUF[15]_inst/O
                         net (fo=0)                   0.000    16.496    LED[15]
    V11                                                               r  LED[15] (OUT)
  -------------------------------------------------------------------    -------------------





Min Delay Paths
--------------------------------------------------------------------------------------
Slack:                    inf
  Source:                 processor/flags/carryFlag_reg/C
                            (rising edge-triggered cell FDRE clocked by board_clock  {rise@0.000ns fall@5.000ns period=10.000ns})
  Destination:            LED[1]
                            (output port)
  Path Group:             (none)
  Path Type:              Min at Fast Process Corner
  Data Path Delay:        2.508ns  (logic 1.422ns (56.704%)  route 1.086ns (43.296%))
  Logic Levels:           2  (LUT5=1 OBUF=1)
  Clock Uncertainty:      0.025ns  ((TSJ^2 + TIJ^2)^1/2 + DJ) / 2 + PE
    Total System Jitter     (TSJ):    0.050ns
    Total Input Jitter      (TIJ):    0.000ns
    Discrete Jitter          (DJ):    0.000ns
    Phase Error              (PE):    0.000ns
  Timing Exception:       False Path

    Location             Delay type                Incr(ns)  Path(ns)    Netlist Resource(s)
  -------------------------------------------------------------------    -------------------
                         (clock board_clock rise edge)
                                                      0.000     0.000 r  
    E3                                                0.000     0.000 r  CLK100MHZ (IN)
                         net (fo=0)                   0.000     0.000    CLK100MHZ
    E3                   IBUF (Prop_ibuf_I_O)         0.250     0.250 r  CLK100MHZ_IBUF_inst/O
                         net (fo=2, routed)           0.644     0.894    CLK100MHZ_IBUF
    BUFGCTRL_X0Y17       BUFGCTRL (Prop_bufgctrl_I0_O)
                                                      0.026     0.920 r  hardwareClockBuffer.coreClockBuffer/O
                         net (fo=56, routed)          0.558     1.477    processor/flags/CLK
    SLICE_X55Y106        FDRE                                         r  processor/flags/carryFlag_reg/C
  -------------------------------------------------------------------    -------------------
    SLICE_X55Y106        FDRE (Prop_fdre_C_Q)         0.141     1.618 r  processor/flags/carryFlag_reg/Q
                         net (fo=4, routed)           0.148     1.767    processor/pc/carryFlag
    SLICE_X53Y105        LUT5 (Prop_lut5_I4_O)        0.045     1.812 r  processor/pc/LED_OBUF[1]_inst_i_1/O
                         net (fo=1, routed)           0.938     2.749    LED_OBUF[1]
    K15                  OBUF (Prop_obuf_I_O)         1.236     3.985 r  LED_OBUF[1]_inst/O
                         net (fo=0)                   0.000     3.985    LED[1]
    K15                                                               r  LED[1] (OUT)
  -------------------------------------------------------------------    -------------------

Slack:                    inf
  Source:                 processor/flags/zeroFlag_reg/C
                            (rising edge-triggered cell FDRE clocked by board_clock  {rise@0.000ns fall@5.000ns period=10.000ns})
  Destination:            LED[0]
                            (output port)
  Path Group:             (none)
  Path Type:              Min at Fast Process Corner
  Data Path Delay:        2.526ns  (logic 1.407ns (55.723%)  route 1.118ns (44.277%))
  Logic Levels:           2  (LUT5=1 OBUF=1)
  Clock Uncertainty:      0.025ns  ((TSJ^2 + TIJ^2)^1/2 + DJ) / 2 + PE
    Total System Jitter     (TSJ):    0.050ns
    Total Input Jitter      (TIJ):    0.000ns
    Discrete Jitter          (DJ):    0.000ns
    Phase Error              (PE):    0.000ns
  Timing Exception:       False Path

    Location             Delay type                Incr(ns)  Path(ns)    Netlist Resource(s)
  -------------------------------------------------------------------    -------------------
                         (clock board_clock rise edge)
                                                      0.000     0.000 r  
    E3                                                0.000     0.000 r  CLK100MHZ (IN)
                         net (fo=0)                   0.000     0.000    CLK100MHZ
    E3                   IBUF (Prop_ibuf_I_O)         0.250     0.250 r  CLK100MHZ_IBUF_inst/O
                         net (fo=2, routed)           0.644     0.894    CLK100MHZ_IBUF
    BUFGCTRL_X0Y17       BUFGCTRL (Prop_bufgctrl_I0_O)
                                                      0.026     0.920 r  hardwareClockBuffer.coreClockBuffer/O
                         net (fo=56, routed)          0.558     1.477    processor/flags/CLK
    SLICE_X55Y106        FDRE                                         r  processor/flags/zeroFlag_reg/C
  -------------------------------------------------------------------    -------------------
    SLICE_X55Y106        FDRE (Prop_fdre_C_Q)         0.141     1.618 r  processor/flags/zeroFlag_reg/Q
                         net (fo=2, routed)           0.174     1.792    processor/pc/zeroFlag
    SLICE_X52Y108        LUT5 (Prop_lut5_I1_O)        0.045     1.837 r  processor/pc/LED_OBUF[0]_inst_i_1/O
                         net (fo=1, routed)           0.945     2.782    LED_OBUF[0]
    H17                  OBUF (Prop_obuf_I_O)         1.221     4.003 r  LED_OBUF[0]_inst/O
                         net (fo=0)                   0.000     4.003    LED[0]
    H17                                                               r  LED[0] (OUT)
  -------------------------------------------------------------------    -------------------

Slack:                    inf
  Source:                 displayDriver/refreshCounter_reg[14]/C
                            (rising edge-triggered cell FDRE clocked by board_clock  {rise@0.000ns fall@5.000ns period=10.000ns})
  Destination:            DP
                            (output port)
  Path Group:             (none)
  Path Type:              Min at Fast Process Corner
  Data Path Delay:        2.588ns  (logic 1.426ns (55.088%)  route 1.162ns (44.912%))
  Logic Levels:           2  (LUT2=1 OBUF=1)
  Clock Uncertainty:      0.025ns  ((TSJ^2 + TIJ^2)^1/2 + DJ) / 2 + PE
    Total System Jitter     (TSJ):    0.050ns
    Total Input Jitter      (TIJ):    0.000ns
    Discrete Jitter          (DJ):    0.000ns
    Phase Error              (PE):    0.000ns
  Timing Exception:       False Path

    Location             Delay type                Incr(ns)  Path(ns)    Netlist Resource(s)
  -------------------------------------------------------------------    -------------------
                         (clock board_clock rise edge)
                                                      0.000     0.000 r  
    E3                                                0.000     0.000 r  CLK100MHZ (IN)
                         net (fo=0)                   0.000     0.000    CLK100MHZ
    E3                   IBUF (Prop_ibuf_I_O)         0.250     0.250 r  CLK100MHZ_IBUF_inst/O
                         net (fo=2, routed)           0.644     0.894    CLK100MHZ_IBUF
    BUFGCTRL_X0Y16       BUFG (Prop_bufg_I_O)         0.026     0.920 r  CLK100MHZ_IBUF_BUFG_inst/O
                         net (fo=77, routed)          0.558     1.477    displayDriver/CLK
    SLICE_X52Y106        FDRE                                         r  displayDriver/refreshCounter_reg[14]/C
  -------------------------------------------------------------------    -------------------
    SLICE_X52Y106        FDRE (Prop_fdre_C_Q)         0.141     1.618 r  displayDriver/refreshCounter_reg[14]/Q
                         net (fo=18, routed)          0.306     1.925    displayDriver/digitSelect[0]
    SLICE_X48Y108        LUT2 (Prop_lut2_I0_O)        0.045     1.970 r  displayDriver/DP_OBUF_inst_i_1/O
                         net (fo=1, routed)           0.856     2.826    DP_OBUF
    H15                  OBUF (Prop_obuf_I_O)         1.240     4.065 r  DP_OBUF_inst/O
                         net (fo=0)                   0.000     4.065    DP
    H15                                                               r  DP (OUT)
  -------------------------------------------------------------------    -------------------

Slack:                    inf
  Source:                 displayDriver/refreshCounter_reg[14]/C
                            (rising edge-triggered cell FDRE clocked by board_clock  {rise@0.000ns fall@5.000ns period=10.000ns})
  Destination:            AN[0]
                            (output port)
  Path Group:             (none)
  Path Type:              Min at Fast Process Corner
  Data Path Delay:        2.616ns  (logic 1.485ns (56.786%)  route 1.130ns (43.214%))
  Logic Levels:           2  (LUT3=1 OBUF=1)
  Clock Uncertainty:      0.025ns  ((TSJ^2 + TIJ^2)^1/2 + DJ) / 2 + PE
    Total System Jitter     (TSJ):    0.050ns
    Total Input Jitter      (TIJ):    0.000ns
    Discrete Jitter          (DJ):    0.000ns
    Phase Error              (PE):    0.000ns
  Timing Exception:       False Path

    Location             Delay type                Incr(ns)  Path(ns)    Netlist Resource(s)
  -------------------------------------------------------------------    -------------------
                         (clock board_clock rise edge)
                                                      0.000     0.000 r  
    E3                                                0.000     0.000 r  CLK100MHZ (IN)
                         net (fo=0)                   0.000     0.000    CLK100MHZ
    E3                   IBUF (Prop_ibuf_I_O)         0.250     0.250 r  CLK100MHZ_IBUF_inst/O
                         net (fo=2, routed)           0.644     0.894    CLK100MHZ_IBUF
    BUFGCTRL_X0Y16       BUFG (Prop_bufg_I_O)         0.026     0.920 r  CLK100MHZ_IBUF_BUFG_inst/O
                         net (fo=77, routed)          0.558     1.477    displayDriver/CLK
    SLICE_X52Y106        FDRE                                         r  displayDriver/refreshCounter_reg[14]/C
  -------------------------------------------------------------------    -------------------
    SLICE_X52Y106        FDRE (Prop_fdre_C_Q)         0.141     1.618 r  displayDriver/refreshCounter_reg[14]/Q
                         net (fo=18, routed)          0.335     1.953    displayDriver/digitSelect[0]
    SLICE_X48Y106        LUT3 (Prop_lut3_I1_O)        0.046     1.999 r  displayDriver/AN_OBUF[0]_inst_i_1/O
                         net (fo=1, routed)           0.796     2.795    AN_OBUF[0]
    J17                  OBUF (Prop_obuf_I_O)         1.298     4.093 r  AN_OBUF[0]_inst/O
                         net (fo=0)                   0.000     4.093    AN[0]
    J17                                                               r  AN[0] (OUT)
  -------------------------------------------------------------------    -------------------

Slack:                    inf
  Source:                 processor/instructionReg/instructionOut_reg[2]/C
                            (rising edge-triggered cell FDRE clocked by board_clock  {rise@0.000ns fall@5.000ns period=10.000ns})
  Destination:            LED[2]
                            (output port)
  Path Group:             (none)
  Path Type:              Min at Fast Process Corner
  Data Path Delay:        2.641ns  (logic 1.510ns (57.184%)  route 1.131ns (42.816%))
  Logic Levels:           2  (LUT4=1 OBUF=1)
  Clock Uncertainty:      0.025ns  ((TSJ^2 + TIJ^2)^1/2 + DJ) / 2 + PE
    Total System Jitter     (TSJ):    0.050ns
    Total Input Jitter      (TIJ):    0.000ns
    Discrete Jitter          (DJ):    0.000ns
    Phase Error              (PE):    0.000ns
  Timing Exception:       False Path

    Location             Delay type                Incr(ns)  Path(ns)    Netlist Resource(s)
  -------------------------------------------------------------------    -------------------
                         (clock board_clock rise edge)
                                                      0.000     0.000 r  
    E3                                                0.000     0.000 r  CLK100MHZ (IN)
                         net (fo=0)                   0.000     0.000    CLK100MHZ
    E3                   IBUF (Prop_ibuf_I_O)         0.250     0.250 r  CLK100MHZ_IBUF_inst/O
                         net (fo=2, routed)           0.644     0.894    CLK100MHZ_IBUF
    BUFGCTRL_X0Y17       BUFGCTRL (Prop_bufgctrl_I0_O)
                                                      0.026     0.920 r  hardwareClockBuffer.coreClockBuffer/O
                         net (fo=56, routed)          0.557     1.476    processor/instructionReg/CLK
    SLICE_X53Y108        FDRE                                         r  processor/instructionReg/instructionOut_reg[2]/C
  -------------------------------------------------------------------    -------------------
    SLICE_X53Y108        FDRE (Prop_fdre_C_Q)         0.141     1.617 r  processor/instructionReg/instructionOut_reg[2]/Q
                         net (fo=4, routed)           0.170     1.788    processor/instructionReg/Q[2]
    SLICE_X53Y107        LUT4 (Prop_lut4_I0_O)        0.051     1.839 r  processor/instructionReg/LED_OBUF[2]_inst_i_1/O
                         net (fo=1, routed)           0.960     2.799    LED_OBUF[2]
    J13                  OBUF (Prop_obuf_I_O)         1.318     4.117 r  LED_OBUF[2]_inst/O
                         net (fo=0)                   0.000     4.117    LED[2]
    J13                                                               r  LED[2] (OUT)
  -------------------------------------------------------------------    -------------------

Slack:                    inf
  Source:                 displayDriver/refreshCounter_reg[14]/C
                            (rising edge-triggered cell FDRE clocked by board_clock  {rise@0.000ns fall@5.000ns period=10.000ns})
  Destination:            AN[3]
                            (output port)
  Path Group:             (none)
  Path Type:              Min at Fast Process Corner
  Data Path Delay:        2.645ns  (logic 1.439ns (54.403%)  route 1.206ns (45.597%))
  Logic Levels:           2  (LUT3=1 OBUF=1)
  Clock Uncertainty:      0.025ns  ((TSJ^2 + TIJ^2)^1/2 + DJ) / 2 + PE
    Total System Jitter     (TSJ):    0.050ns
    Total Input Jitter      (TIJ):    0.000ns
    Discrete Jitter          (DJ):    0.000ns
    Phase Error              (PE):    0.000ns
  Timing Exception:       False Path

    Location             Delay type                Incr(ns)  Path(ns)    Netlist Resource(s)
  -------------------------------------------------------------------    -------------------
                         (clock board_clock rise edge)
                                                      0.000     0.000 r  
    E3                                                0.000     0.000 r  CLK100MHZ (IN)
                         net (fo=0)                   0.000     0.000    CLK100MHZ
    E3                   IBUF (Prop_ibuf_I_O)         0.250     0.250 r  CLK100MHZ_IBUF_inst/O
                         net (fo=2, routed)           0.644     0.894    CLK100MHZ_IBUF
    BUFGCTRL_X0Y16       BUFG (Prop_bufg_I_O)         0.026     0.920 r  CLK100MHZ_IBUF_BUFG_inst/O
                         net (fo=77, routed)          0.558     1.477    displayDriver/CLK
    SLICE_X52Y106        FDRE                                         r  displayDriver/refreshCounter_reg[14]/C
  -------------------------------------------------------------------    -------------------
    SLICE_X52Y106        FDRE (Prop_fdre_C_Q)         0.141     1.618 f  displayDriver/refreshCounter_reg[14]/Q
                         net (fo=18, routed)          0.335     1.953    displayDriver/digitSelect[0]
    SLICE_X48Y106        LUT3 (Prop_lut3_I1_O)        0.045     1.998 r  displayDriver/AN_OBUF[3]_inst_i_1/O
                         net (fo=1, routed)           0.871     2.869    AN_OBUF[3]
    J14                  OBUF (Prop_obuf_I_O)         1.253     4.122 r  AN_OBUF[3]_inst/O
                         net (fo=0)                   0.000     4.122    AN[3]
    J14                                                               r  AN[3] (OUT)
  -------------------------------------------------------------------    -------------------

Slack:                    inf
  Source:                 displayDriver/refreshCounter_reg[14]/C
                            (rising edge-triggered cell FDRE clocked by board_clock  {rise@0.000ns fall@5.000ns period=10.000ns})
  Destination:            AN[1]
                            (output port)
  Path Group:             (none)
  Path Type:              Min at Fast Process Corner
  Data Path Delay:        2.656ns  (logic 1.422ns (53.553%)  route 1.234ns (46.447%))
  Logic Levels:           2  (LUT3=1 OBUF=1)
  Clock Uncertainty:      0.025ns  ((TSJ^2 + TIJ^2)^1/2 + DJ) / 2 + PE
    Total System Jitter     (TSJ):    0.050ns
    Total Input Jitter      (TIJ):    0.000ns
    Discrete Jitter          (DJ):    0.000ns
    Phase Error              (PE):    0.000ns
  Timing Exception:       False Path

    Location             Delay type                Incr(ns)  Path(ns)    Netlist Resource(s)
  -------------------------------------------------------------------    -------------------
                         (clock board_clock rise edge)
                                                      0.000     0.000 r  
    E3                                                0.000     0.000 r  CLK100MHZ (IN)
                         net (fo=0)                   0.000     0.000    CLK100MHZ
    E3                   IBUF (Prop_ibuf_I_O)         0.250     0.250 r  CLK100MHZ_IBUF_inst/O
                         net (fo=2, routed)           0.644     0.894    CLK100MHZ_IBUF
    BUFGCTRL_X0Y16       BUFG (Prop_bufg_I_O)         0.026     0.920 r  CLK100MHZ_IBUF_BUFG_inst/O
                         net (fo=77, routed)          0.558     1.477    displayDriver/CLK
    SLICE_X52Y106        FDRE                                         r  displayDriver/refreshCounter_reg[14]/C
  -------------------------------------------------------------------    -------------------
    SLICE_X52Y106        FDRE (Prop_fdre_C_Q)         0.141     1.618 f  displayDriver/refreshCounter_reg[14]/Q
                         net (fo=18, routed)          0.403     2.021    displayDriver/digitSelect[0]
    SLICE_X48Y104        LUT3 (Prop_lut3_I1_O)        0.045     2.066 r  displayDriver/AN_OBUF[1]_inst_i_1/O
                         net (fo=1, routed)           0.831     2.897    AN_OBUF[1]
    J18                  OBUF (Prop_obuf_I_O)         1.236     4.134 r  AN_OBUF[1]_inst/O
                         net (fo=0)                   0.000     4.134    AN[1]
    J18                                                               r  AN[1] (OUT)
  -------------------------------------------------------------------    -------------------

Slack:                    inf
  Source:                 displayDriver/refreshCounter_reg[16]/C
                            (rising edge-triggered cell FDRE clocked by board_clock  {rise@0.000ns fall@5.000ns period=10.000ns})
  Destination:            AN[6]
                            (output port)
  Path Group:             (none)
  Path Type:              Min at Fast Process Corner
  Data Path Delay:        2.669ns  (logic 1.470ns (55.068%)  route 1.199ns (44.932%))
  Logic Levels:           2  (LUT3=1 OBUF=1)
  Clock Uncertainty:      0.025ns  ((TSJ^2 + TIJ^2)^1/2 + DJ) / 2 + PE
    Total System Jitter     (TSJ):    0.050ns
    Total Input Jitter      (TIJ):    0.000ns
    Discrete Jitter          (DJ):    0.000ns
    Phase Error              (PE):    0.000ns
  Timing Exception:       False Path

    Location             Delay type                Incr(ns)  Path(ns)    Netlist Resource(s)
  -------------------------------------------------------------------    -------------------
                         (clock board_clock rise edge)
                                                      0.000     0.000 r  
    E3                                                0.000     0.000 r  CLK100MHZ (IN)
                         net (fo=0)                   0.000     0.000    CLK100MHZ
    E3                   IBUF (Prop_ibuf_I_O)         0.250     0.250 r  CLK100MHZ_IBUF_inst/O
                         net (fo=2, routed)           0.644     0.894    CLK100MHZ_IBUF
    BUFGCTRL_X0Y16       BUFG (Prop_bufg_I_O)         0.026     0.920 r  CLK100MHZ_IBUF_BUFG_inst/O
                         net (fo=77, routed)          0.557     1.476    displayDriver/CLK
    SLICE_X52Y107        FDRE                                         r  displayDriver/refreshCounter_reg[16]/C
  -------------------------------------------------------------------    -------------------
    SLICE_X52Y107        FDRE (Prop_fdre_C_Q)         0.141     1.617 f  displayDriver/refreshCounter_reg[16]/Q
                         net (fo=14, routed)          0.242     1.860    displayDriver/digitSelect[2]
    SLICE_X53Y104        LUT3 (Prop_lut3_I2_O)        0.048     1.908 r  displayDriver/AN_OBUF[6]_inst_i_1/O
                         net (fo=1, routed)           0.957     2.864    AN_OBUF[6]
    K2                   OBUF (Prop_obuf_I_O)         1.281     4.145 r  AN_OBUF[6]_inst/O
                         net (fo=0)                   0.000     4.145    AN[6]
    K2                                                                r  AN[6] (OUT)
  -------------------------------------------------------------------    -------------------

Slack:                    inf
  Source:                 processor/executionResult_reg[7]/C
                            (rising edge-triggered cell FDRE clocked by board_clock  {rise@0.000ns fall@5.000ns period=10.000ns})
  Destination:            CC
                            (output port)
  Path Group:             (none)
  Path Type:              Min at Fast Process Corner
  Data Path Delay:        2.705ns  (logic 1.425ns (52.684%)  route 1.280ns (47.316%))
  Logic Levels:           3  (LUT4=1 LUT6=1 OBUF=1)
  Clock Uncertainty:      0.025ns  ((TSJ^2 + TIJ^2)^1/2 + DJ) / 2 + PE
    Total System Jitter     (TSJ):    0.050ns
    Total Input Jitter      (TIJ):    0.000ns
    Discrete Jitter          (DJ):    0.000ns
    Phase Error              (PE):    0.000ns
  Timing Exception:       False Path

    Location             Delay type                Incr(ns)  Path(ns)    Netlist Resource(s)
  -------------------------------------------------------------------    -------------------
                         (clock board_clock rise edge)
                                                      0.000     0.000 r  
    E3                                                0.000     0.000 r  CLK100MHZ (IN)
                         net (fo=0)                   0.000     0.000    CLK100MHZ
    E3                   IBUF (Prop_ibuf_I_O)         0.250     0.250 r  CLK100MHZ_IBUF_inst/O
                         net (fo=2, routed)           0.644     0.894    CLK100MHZ_IBUF
    BUFGCTRL_X0Y17       BUFGCTRL (Prop_bufgctrl_I0_O)
                                                      0.026     0.920 r  hardwareClockBuffer.coreClockBuffer/O
                         net (fo=56, routed)          0.558     1.477    processor/CLK
    SLICE_X55Y106        FDRE                                         r  processor/executionResult_reg[7]/C
  -------------------------------------------------------------------    -------------------
    SLICE_X55Y106        FDRE (Prop_fdre_C_Q)         0.141     1.618 r  processor/executionResult_reg[7]/Q
                         net (fo=3, routed)           0.117     1.736    displayDriver/Q[1]
    SLICE_X53Y106        LUT6 (Prop_lut6_I1_O)        0.045     1.781 r  displayDriver/CA_OBUF_inst_i_2/O
                         net (fo=7, routed)           0.299     2.079    processor/instructionReg/CB
    SLICE_X46Y103        LUT4 (Prop_lut4_I0_O)        0.045     2.124 r  processor/instructionReg/CC_OBUF_inst_i_1/O
                         net (fo=1, routed)           0.864     2.988    CC_OBUF
    K16                  OBUF (Prop_obuf_I_O)         1.194     4.183 r  CC_OBUF_inst/O
                         net (fo=0)                   0.000     4.183    CC
    K16                                                               r  CC (OUT)
  -------------------------------------------------------------------    -------------------

Slack:                    inf
  Source:                 processor/controlUnit/FSM_onehot_currentState_reg[4]/C
                            (rising edge-triggered cell FDRE clocked by board_clock  {rise@0.000ns fall@5.000ns period=10.000ns})
  Destination:            LED[3]
                            (output port)
  Path Group:             (none)
  Path Type:              Min at Fast Process Corner
  Data Path Delay:        2.757ns  (logic 1.505ns (54.596%)  route 1.252ns (45.404%))
  Logic Levels:           3  (LUT4=2 OBUF=1)
  Clock Uncertainty:      0.025ns  ((TSJ^2 + TIJ^2)^1/2 + DJ) / 2 + PE
    Total System Jitter     (TSJ):    0.050ns
    Total Input Jitter      (TIJ):    0.000ns
    Discrete Jitter          (DJ):    0.000ns
    Phase Error              (PE):    0.000ns
  Timing Exception:       False Path

    Location             Delay type                Incr(ns)  Path(ns)    Netlist Resource(s)
  -------------------------------------------------------------------    -------------------
                         (clock board_clock rise edge)
                                                      0.000     0.000 r  
    E3                                                0.000     0.000 r  CLK100MHZ (IN)
                         net (fo=0)                   0.000     0.000    CLK100MHZ
    E3                   IBUF (Prop_ibuf_I_O)         0.250     0.250 r  CLK100MHZ_IBUF_inst/O
                         net (fo=2, routed)           0.644     0.894    CLK100MHZ_IBUF
    BUFGCTRL_X0Y17       BUFGCTRL (Prop_bufgctrl_I0_O)
                                                      0.026     0.920 r  hardwareClockBuffer.coreClockBuffer/O
                         net (fo=56, routed)          0.559     1.478    processor/controlUnit/CLK
    SLICE_X56Y106        FDRE                                         r  processor/controlUnit/FSM_onehot_currentState_reg[4]/C
  -------------------------------------------------------------------    -------------------
    SLICE_X56Y106        FDRE (Prop_fdre_C_Q)         0.164     1.642 r  processor/controlUnit/FSM_onehot_currentState_reg[4]/Q
                         net (fo=15, routed)          0.187     1.829    processor/instructionReg/registers_reg[2][7]_0[4]
    SLICE_X54Y107        LUT4 (Prop_lut4_I0_O)        0.045     1.874 r  processor/instructionReg/LED_OBUF[3]_inst_i_2/O
                         net (fo=1, routed)           0.095     1.970    processor/instructionReg/LED_OBUF[3]_inst_i_2_n_0
    SLICE_X53Y106        LUT4 (Prop_lut4_I0_O)        0.045     2.015 r  processor/instructionReg/LED_OBUF[3]_inst_i_1/O
                         net (fo=1, routed)           0.970     2.984    LED_OBUF[3]
    N14                  OBUF (Prop_obuf_I_O)         1.251     4.235 r  LED_OBUF[3]_inst/O
                         net (fo=0)                   0.000     4.235    LED[3]
    N14                                                               r  LED[3] (OUT)
  -------------------------------------------------------------------    -------------------





--------------------------------------------------------------------------------------
Path Group:  (none)
From Clock:  
  To Clock:  board_clock

Max Delay             6 Endpoints
Min Delay             6 Endpoints
--------------------------------------------------------------------------------------


Max Delay Paths
--------------------------------------------------------------------------------------
Slack:                    inf
  Source:                 CPU_RESETN
                            (input port)
  Destination:            resetSyncStage1_reg/PRE
                            (recovery check against rising-edge clock board_clock  {rise@0.000ns fall@5.000ns period=10.000ns})
  Path Group:             (none)
  Path Type:              Recovery (Max at Slow Process Corner)
  Data Path Delay:        5.169ns  (logic 1.631ns (31.556%)  route 3.538ns (68.444%))
  Logic Levels:           2  (IBUF=1 LUT1=1)
  Clock Path Skew:        4.919ns (DCD - SCD + CPR)
    Destination Clock Delay (DCD):    4.919ns
    Source Clock Delay      (SCD):    0.000ns
    Clock Pessimism Removal (CPR):    0.000ns
  Clock Uncertainty:      0.025ns  ((TSJ^2 + TIJ^2)^1/2 + DJ) / 2 + PE
    Total System Jitter     (TSJ):    0.050ns
    Total Input Jitter      (TIJ):    0.000ns
    Discrete Jitter          (DJ):    0.000ns
    Phase Error              (PE):    0.000ns
  Timing Exception:       False Path

    Location             Delay type                Incr(ns)  Path(ns)    Netlist Resource(s)
  -------------------------------------------------------------------    -------------------
    C12                                               0.000     0.000 r  CPU_RESETN (IN)
                         net (fo=0)                   0.000     0.000    CPU_RESETN
    C12                  IBUF (Prop_ibuf_I_O)         1.507     1.507 r  CPU_RESETN_IBUF_inst/O
                         net (fo=1, routed)           2.957     4.464    CPU_RESETN_IBUF
    SLICE_X48Y104        LUT1 (Prop_lut1_I0_O)        0.124     4.588 f  resetSyncStage1_i_1/O
                         net (fo=2, routed)           0.581     5.169    resetSyncStage1_i_1_n_0
    SLICE_X48Y104        FDPE                                         f  resetSyncStage1_reg/PRE
  -------------------------------------------------------------------    -------------------

                         (clock board_clock rise edge)
                                                      0.000     0.000 r  
    E3                                                0.000     0.000 r  CLK100MHZ (IN)
                         net (fo=0)                   0.000     0.000    CLK100MHZ
    E3                   IBUF (Prop_ibuf_I_O)         1.411     1.411 r  CLK100MHZ_IBUF_inst/O
                         net (fo=2, routed)           1.920     3.331    CLK100MHZ_IBUF
    BUFGCTRL_X0Y16       BUFG (Prop_bufg_I_O)         0.091     3.422 r  CLK100MHZ_IBUF_BUFG_inst/O
                         net (fo=77, routed)          1.497     4.919    CLK100MHZ_IBUF_BUFG
    SLICE_X48Y104        FDPE                                         r  resetSyncStage1_reg/C

Slack:                    inf
  Source:                 CPU_RESETN
                            (input port)
  Destination:            resetSyncStage2_reg/PRE
                            (recovery check against rising-edge clock board_clock  {rise@0.000ns fall@5.000ns period=10.000ns})
  Path Group:             (none)
  Path Type:              Recovery (Max at Slow Process Corner)
  Data Path Delay:        5.169ns  (logic 1.631ns (31.556%)  route 3.538ns (68.444%))
  Logic Levels:           2  (IBUF=1 LUT1=1)
  Clock Path Skew:        4.919ns (DCD - SCD + CPR)
    Destination Clock Delay (DCD):    4.919ns
    Source Clock Delay      (SCD):    0.000ns
    Clock Pessimism Removal (CPR):    0.000ns
  Clock Uncertainty:      0.025ns  ((TSJ^2 + TIJ^2)^1/2 + DJ) / 2 + PE
    Total System Jitter     (TSJ):    0.050ns
    Total Input Jitter      (TIJ):    0.000ns
    Discrete Jitter          (DJ):    0.000ns
    Phase Error              (PE):    0.000ns
  Timing Exception:       False Path

    Location             Delay type                Incr(ns)  Path(ns)    Netlist Resource(s)
  -------------------------------------------------------------------    -------------------
    C12                                               0.000     0.000 r  CPU_RESETN (IN)
                         net (fo=0)                   0.000     0.000    CPU_RESETN
    C12                  IBUF (Prop_ibuf_I_O)         1.507     1.507 r  CPU_RESETN_IBUF_inst/O
                         net (fo=1, routed)           2.957     4.464    CPU_RESETN_IBUF
    SLICE_X48Y104        LUT1 (Prop_lut1_I0_O)        0.124     4.588 f  resetSyncStage1_i_1/O
                         net (fo=2, routed)           0.581     5.169    resetSyncStage1_i_1_n_0
    SLICE_X48Y104        FDPE                                         f  resetSyncStage2_reg/PRE
  -------------------------------------------------------------------    -------------------

                         (clock board_clock rise edge)
                                                      0.000     0.000 r  
    E3                                                0.000     0.000 r  CLK100MHZ (IN)
                         net (fo=0)                   0.000     0.000    CLK100MHZ
    E3                   IBUF (Prop_ibuf_I_O)         1.411     1.411 r  CLK100MHZ_IBUF_inst/O
                         net (fo=2, routed)           1.920     3.331    CLK100MHZ_IBUF
    BUFGCTRL_X0Y16       BUFG (Prop_bufg_I_O)         0.091     3.422 r  CLK100MHZ_IBUF_BUFG_inst/O
                         net (fo=77, routed)          1.497     4.919    CLK100MHZ_IBUF_BUFG
    SLICE_X48Y104        FDPE                                         r  resetSyncStage2_reg/C

Slack:                    inf
  Source:                 BTNC
                            (input port)
  Destination:            stepButton/buttonSyncStage1_reg/D
                            (rising edge-triggered cell FDRE clocked by board_clock  {rise@0.000ns fall@5.000ns period=10.000ns})
  Path Group:             (none)
  Path Type:              Setup (Max at Slow Process Corner)
  Data Path Delay:        4.054ns  (logic 1.477ns (36.425%)  route 2.577ns (63.575%))
  Logic Levels:           1  (IBUF=1)
  Clock Path Skew:        4.918ns (DCD - SCD + CPR)
    Destination Clock Delay (DCD):    4.918ns
    Source Clock Delay      (SCD):    0.000ns
    Clock Pessimism Removal (CPR):    0.000ns
  Clock Uncertainty:      0.025ns  ((TSJ^2 + TIJ^2)^1/2 + DJ) / 2 + PE
    Total System Jitter     (TSJ):    0.050ns
    Total Input Jitter      (TIJ):    0.000ns
    Discrete Jitter          (DJ):    0.000ns
    Phase Error              (PE):    0.000ns
  Timing Exception:       False Path

    Location             Delay type                Incr(ns)  Path(ns)    Netlist Resource(s)
  -------------------------------------------------------------------    -------------------
    N17                                               0.000     0.000 r  BTNC (IN)
                         net (fo=0)                   0.000     0.000    BTNC
    N17                  IBUF (Prop_ibuf_I_O)         1.477     1.477 r  BTNC_IBUF_inst/O
                         net (fo=1, routed)           2.577     4.054    stepButton/BTNC_IBUF
    SLICE_X50Y101        FDRE                                         r  stepButton/buttonSyncStage1_reg/D
  -------------------------------------------------------------------    -------------------

                         (clock board_clock rise edge)
                                                      0.000     0.000 r  
    E3                                                0.000     0.000 r  CLK100MHZ (IN)
                         net (fo=0)                   0.000     0.000    CLK100MHZ
    E3                   IBUF (Prop_ibuf_I_O)         1.411     1.411 r  CLK100MHZ_IBUF_inst/O
                         net (fo=2, routed)           1.920     3.331    CLK100MHZ_IBUF
    BUFGCTRL_X0Y16       BUFG (Prop_bufg_I_O)         0.091     3.422 r  CLK100MHZ_IBUF_BUFG_inst/O
                         net (fo=77, routed)          1.496     4.918    stepButton/CLK
    SLICE_X50Y101        FDRE                                         r  stepButton/buttonSyncStage1_reg/C

Slack:                    inf
  Source:                 SW[2]
                            (input port)
  Destination:            switchSyncStage1_reg[2]/D
                            (rising edge-triggered cell FDRE clocked by board_clock  {rise@0.000ns fall@5.000ns period=10.000ns})
  Path Group:             (none)
  Path Type:              Setup (Max at Slow Process Corner)
  Data Path Delay:        4.011ns  (logic 1.485ns (37.025%)  route 2.526ns (62.975%))
  Logic Levels:           1  (IBUF=1)
  Clock Path Skew:        4.917ns (DCD - SCD + CPR)
    Destination Clock Delay (DCD):    4.917ns
    Source Clock Delay      (SCD):    0.000ns
    Clock Pessimism Removal (CPR):    0.000ns
  Clock Uncertainty:      0.025ns  ((TSJ^2 + TIJ^2)^1/2 + DJ) / 2 + PE
    Total System Jitter     (TSJ):    0.050ns
    Total Input Jitter      (TIJ):    0.000ns
    Discrete Jitter          (DJ):    0.000ns
    Phase Error              (PE):    0.000ns
  Timing Exception:       False Path

    Location             Delay type                Incr(ns)  Path(ns)    Netlist Resource(s)
  -------------------------------------------------------------------    -------------------
    M13                                               0.000     0.000 r  SW[2] (IN)
                         net (fo=0)                   0.000     0.000    SW[2]
    M13                  IBUF (Prop_ibuf_I_O)         1.485     1.485 r  SW_IBUF[2]_inst/O
                         net (fo=1, routed)           2.526     4.011    SW_IBUF[2]
    SLICE_X50Y103        FDRE                                         r  switchSyncStage1_reg[2]/D
  -------------------------------------------------------------------    -------------------

                         (clock board_clock rise edge)
                                                      0.000     0.000 r  
    E3                                                0.000     0.000 r  CLK100MHZ (IN)
                         net (fo=0)                   0.000     0.000    CLK100MHZ
    E3                   IBUF (Prop_ibuf_I_O)         1.411     1.411 r  CLK100MHZ_IBUF_inst/O
                         net (fo=2, routed)           1.920     3.331    CLK100MHZ_IBUF
    BUFGCTRL_X0Y16       BUFG (Prop_bufg_I_O)         0.091     3.422 r  CLK100MHZ_IBUF_BUFG_inst/O
                         net (fo=77, routed)          1.495     4.917    CLK100MHZ_IBUF_BUFG
    SLICE_X50Y103        FDRE                                         r  switchSyncStage1_reg[2]/C

Slack:                    inf
  Source:                 SW[1]
                            (input port)
  Destination:            switchSyncStage1_reg[1]/D
                            (rising edge-triggered cell FDRE clocked by board_clock  {rise@0.000ns fall@5.000ns period=10.000ns})
  Path Group:             (none)
  Path Type:              Setup (Max at Slow Process Corner)
  Data Path Delay:        3.987ns  (logic 1.480ns (37.112%)  route 2.507ns (62.888%))
  Logic Levels:           1  (IBUF=1)
  Clock Path Skew:        4.917ns (DCD - SCD + CPR)
    Destination Clock Delay (DCD):    4.917ns
    Source Clock Delay      (SCD):    0.000ns
    Clock Pessimism Removal (CPR):    0.000ns
  Clock Uncertainty:      0.025ns  ((TSJ^2 + TIJ^2)^1/2 + DJ) / 2 + PE
    Total System Jitter     (TSJ):    0.050ns
    Total Input Jitter      (TIJ):    0.000ns
    Discrete Jitter          (DJ):    0.000ns
    Phase Error              (PE):    0.000ns
  Timing Exception:       False Path

    Location             Delay type                Incr(ns)  Path(ns)    Netlist Resource(s)
  -------------------------------------------------------------------    -------------------
    L16                                               0.000     0.000 r  SW[1] (IN)
                         net (fo=0)                   0.000     0.000    SW[1]
    L16                  IBUF (Prop_ibuf_I_O)         1.480     1.480 r  SW_IBUF[1]_inst/O
                         net (fo=1, routed)           2.507     3.987    SW_IBUF[1]
    SLICE_X50Y103        FDRE                                         r  switchSyncStage1_reg[1]/D
  -------------------------------------------------------------------    -------------------

                         (clock board_clock rise edge)
                                                      0.000     0.000 r  
    E3                                                0.000     0.000 r  CLK100MHZ (IN)
                         net (fo=0)                   0.000     0.000    CLK100MHZ
    E3                   IBUF (Prop_ibuf_I_O)         1.411     1.411 r  CLK100MHZ_IBUF_inst/O
                         net (fo=2, routed)           1.920     3.331    CLK100MHZ_IBUF
    BUFGCTRL_X0Y16       BUFG (Prop_bufg_I_O)         0.091     3.422 r  CLK100MHZ_IBUF_BUFG_inst/O
                         net (fo=77, routed)          1.495     4.917    CLK100MHZ_IBUF_BUFG
    SLICE_X50Y103        FDRE                                         r  switchSyncStage1_reg[1]/C

Slack:                    inf
  Source:                 SW[0]
                            (input port)
  Destination:            switchSyncStage1_reg[0]/D
                            (rising edge-triggered cell FDRE clocked by board_clock  {rise@0.000ns fall@5.000ns period=10.000ns})
  Path Group:             (none)
  Path Type:              Setup (Max at Slow Process Corner)
  Data Path Delay:        3.465ns  (logic 1.478ns (42.647%)  route 1.987ns (57.353%))
  Logic Levels:           1  (IBUF=1)
  Clock Path Skew:        4.918ns (DCD - SCD + CPR)
    Destination Clock Delay (DCD):    4.918ns
    Source Clock Delay      (SCD):    0.000ns
    Clock Pessimism Removal (CPR):    0.000ns
  Clock Uncertainty:      0.025ns  ((TSJ^2 + TIJ^2)^1/2 + DJ) / 2 + PE
    Total System Jitter     (TSJ):    0.050ns
    Total Input Jitter      (TIJ):    0.000ns
    Discrete Jitter          (DJ):    0.000ns
    Phase Error              (PE):    0.000ns
  Timing Exception:       False Path

    Location             Delay type                Incr(ns)  Path(ns)    Netlist Resource(s)
  -------------------------------------------------------------------    -------------------
    J15                                               0.000     0.000 r  SW[0] (IN)
                         net (fo=0)                   0.000     0.000    SW[0]
    J15                  IBUF (Prop_ibuf_I_O)         1.478     1.478 r  SW_IBUF[0]_inst/O
                         net (fo=1, routed)           1.987     3.465    SW_IBUF[0]
    SLICE_X50Y101        FDRE                                         r  switchSyncStage1_reg[0]/D
  -------------------------------------------------------------------    -------------------

                         (clock board_clock rise edge)
                                                      0.000     0.000 r  
    E3                                                0.000     0.000 r  CLK100MHZ (IN)
                         net (fo=0)                   0.000     0.000    CLK100MHZ
    E3                   IBUF (Prop_ibuf_I_O)         1.411     1.411 r  CLK100MHZ_IBUF_inst/O
                         net (fo=2, routed)           1.920     3.331    CLK100MHZ_IBUF
    BUFGCTRL_X0Y16       BUFG (Prop_bufg_I_O)         0.091     3.422 r  CLK100MHZ_IBUF_BUFG_inst/O
                         net (fo=77, routed)          1.496     4.918    CLK100MHZ_IBUF_BUFG
    SLICE_X50Y101        FDRE                                         r  switchSyncStage1_reg[0]/C





Min Delay Paths
--------------------------------------------------------------------------------------
Slack:                    inf
  Source:                 SW[0]
                            (input port)
  Destination:            switchSyncStage1_reg[0]/D
                            (rising edge-triggered cell FDRE clocked by board_clock  {rise@0.000ns fall@5.000ns period=10.000ns})
  Path Group:             (none)
  Path Type:              Hold (Min at Fast Process Corner)
  Data Path Delay:        1.090ns  (logic 0.245ns (22.528%)  route 0.844ns (77.472%))
  Logic Levels:           1  (IBUF=1)
  Clock Path Skew:        1.995ns (DCD - SCD - CPR)
    Destination Clock Delay (DCD):    1.995ns
    Source Clock Delay      (SCD):    0.000ns
    Clock Pessimism Removal (CPR):    -0.000ns
  Timing Exception:       False Path

    Location             Delay type                Incr(ns)  Path(ns)    Netlist Resource(s)
  -------------------------------------------------------------------    -------------------
    J15                                               0.000     0.000 r  SW[0] (IN)
                         net (fo=0)                   0.000     0.000    SW[0]
    J15                  IBUF (Prop_ibuf_I_O)         0.245     0.245 r  SW_IBUF[0]_inst/O
                         net (fo=1, routed)           0.844     1.090    SW_IBUF[0]
    SLICE_X50Y101        FDRE                                         r  switchSyncStage1_reg[0]/D
  -------------------------------------------------------------------    -------------------

                         (clock board_clock rise edge)
                                                      0.000     0.000 r  
    E3                                                0.000     0.000 r  CLK100MHZ (IN)
                         net (fo=0)                   0.000     0.000    CLK100MHZ
    E3                   IBUF (Prop_ibuf_I_O)         0.438     0.438 r  CLK100MHZ_IBUF_inst/O
                         net (fo=2, routed)           0.699     1.136    CLK100MHZ_IBUF
    BUFGCTRL_X0Y16       BUFG (Prop_bufg_I_O)         0.029     1.165 r  CLK100MHZ_IBUF_BUFG_inst/O
                         net (fo=77, routed)          0.830     1.995    CLK100MHZ_IBUF_BUFG
    SLICE_X50Y101        FDRE                                         r  switchSyncStage1_reg[0]/C

Slack:                    inf
  Source:                 SW[1]
                            (input port)
  Destination:            switchSyncStage1_reg[1]/D
                            (rising edge-triggered cell FDRE clocked by board_clock  {rise@0.000ns fall@5.000ns period=10.000ns})
  Path Group:             (none)
  Path Type:              Hold (Min at Fast Process Corner)
  Data Path Delay:        1.373ns  (logic 0.247ns (18.025%)  route 1.125ns (81.975%))
  Logic Levels:           1  (IBUF=1)
  Clock Path Skew:        1.994ns (DCD - SCD - CPR)
    Destination Clock Delay (DCD):    1.994ns
    Source Clock Delay      (SCD):    0.000ns
    Clock Pessimism Removal (CPR):    -0.000ns
  Timing Exception:       False Path

    Location             Delay type                Incr(ns)  Path(ns)    Netlist Resource(s)
  -------------------------------------------------------------------    -------------------
    L16                                               0.000     0.000 r  SW[1] (IN)
                         net (fo=0)                   0.000     0.000    SW[1]
    L16                  IBUF (Prop_ibuf_I_O)         0.247     0.247 r  SW_IBUF[1]_inst/O
                         net (fo=1, routed)           1.125     1.373    SW_IBUF[1]
    SLICE_X50Y103        FDRE                                         r  switchSyncStage1_reg[1]/D
  -------------------------------------------------------------------    -------------------

                         (clock board_clock rise edge)
                                                      0.000     0.000 r  
    E3                                                0.000     0.000 r  CLK100MHZ (IN)
                         net (fo=0)                   0.000     0.000    CLK100MHZ
    E3                   IBUF (Prop_ibuf_I_O)         0.438     0.438 r  CLK100MHZ_IBUF_inst/O
                         net (fo=2, routed)           0.699     1.136    CLK100MHZ_IBUF
    BUFGCTRL_X0Y16       BUFG (Prop_bufg_I_O)         0.029     1.165 r  CLK100MHZ_IBUF_BUFG_inst/O
                         net (fo=77, routed)          0.829     1.994    CLK100MHZ_IBUF_BUFG
    SLICE_X50Y103        FDRE                                         r  switchSyncStage1_reg[1]/C

Slack:                    inf
  Source:                 SW[2]
                            (input port)
  Destination:            switchSyncStage1_reg[2]/D
                            (rising edge-triggered cell FDRE clocked by board_clock  {rise@0.000ns fall@5.000ns period=10.000ns})
  Path Group:             (none)
  Path Type:              Hold (Min at Fast Process Corner)
  Data Path Delay:        1.396ns  (logic 0.253ns (18.119%)  route 1.143ns (81.881%))
  Logic Levels:           1  (IBUF=1)
  Clock Path Skew:        1.994ns (DCD - SCD - CPR)
    Destination Clock Delay (DCD):    1.994ns
    Source Clock Delay      (SCD):    0.000ns
    Clock Pessimism Removal (CPR):    -0.000ns
  Timing Exception:       False Path

    Location             Delay type                Incr(ns)  Path(ns)    Netlist Resource(s)
  -------------------------------------------------------------------    -------------------
    M13                                               0.000     0.000 r  SW[2] (IN)
                         net (fo=0)                   0.000     0.000    SW[2]
    M13                  IBUF (Prop_ibuf_I_O)         0.253     0.253 r  SW_IBUF[2]_inst/O
                         net (fo=1, routed)           1.143     1.396    SW_IBUF[2]
    SLICE_X50Y103        FDRE                                         r  switchSyncStage1_reg[2]/D
  -------------------------------------------------------------------    -------------------

                         (clock board_clock rise edge)
                                                      0.000     0.000 r  
    E3                                                0.000     0.000 r  CLK100MHZ (IN)
                         net (fo=0)                   0.000     0.000    CLK100MHZ
    E3                   IBUF (Prop_ibuf_I_O)         0.438     0.438 r  CLK100MHZ_IBUF_inst/O
                         net (fo=2, routed)           0.699     1.136    CLK100MHZ_IBUF
    BUFGCTRL_X0Y16       BUFG (Prop_bufg_I_O)         0.029     1.165 r  CLK100MHZ_IBUF_BUFG_inst/O
                         net (fo=77, routed)          0.829     1.994    CLK100MHZ_IBUF_BUFG
    SLICE_X50Y103        FDRE                                         r  switchSyncStage1_reg[2]/C

Slack:                    inf
  Source:                 BTNC
                            (input port)
  Destination:            stepButton/buttonSyncStage1_reg/D
                            (rising edge-triggered cell FDRE clocked by board_clock  {rise@0.000ns fall@5.000ns period=10.000ns})
  Path Group:             (none)
  Path Type:              Hold (Min at Fast Process Corner)
  Data Path Delay:        1.406ns  (logic 0.244ns (17.392%)  route 1.161ns (82.608%))
  Logic Levels:           1  (IBUF=1)
  Clock Path Skew:        1.995ns (DCD - SCD - CPR)
    Destination Clock Delay (DCD):    1.995ns
    Source Clock Delay      (SCD):    0.000ns
    Clock Pessimism Removal (CPR):    -0.000ns
  Timing Exception:       False Path

    Location             Delay type                Incr(ns)  Path(ns)    Netlist Resource(s)
  -------------------------------------------------------------------    -------------------
    N17                                               0.000     0.000 r  BTNC (IN)
                         net (fo=0)                   0.000     0.000    BTNC
    N17                  IBUF (Prop_ibuf_I_O)         0.244     0.244 r  BTNC_IBUF_inst/O
                         net (fo=1, routed)           1.161     1.406    stepButton/BTNC_IBUF
    SLICE_X50Y101        FDRE                                         r  stepButton/buttonSyncStage1_reg/D
  -------------------------------------------------------------------    -------------------

                         (clock board_clock rise edge)
                                                      0.000     0.000 r  
    E3                                                0.000     0.000 r  CLK100MHZ (IN)
                         net (fo=0)                   0.000     0.000    CLK100MHZ
    E3                   IBUF (Prop_ibuf_I_O)         0.438     0.438 r  CLK100MHZ_IBUF_inst/O
                         net (fo=2, routed)           0.699     1.136    CLK100MHZ_IBUF
    BUFGCTRL_X0Y16       BUFG (Prop_bufg_I_O)         0.029     1.165 r  CLK100MHZ_IBUF_BUFG_inst/O
                         net (fo=77, routed)          0.830     1.995    stepButton/CLK
    SLICE_X50Y101        FDRE                                         r  stepButton/buttonSyncStage1_reg/C

Slack:                    inf
  Source:                 CPU_RESETN
                            (input port)
  Destination:            resetSyncStage1_reg/PRE
                            (removal check against rising-edge clock board_clock  {rise@0.000ns fall@5.000ns period=10.000ns})
  Path Group:             (none)
  Path Type:              Removal (Min at Fast Process Corner)
  Data Path Delay:        1.783ns  (logic 0.320ns (17.921%)  route 1.464ns (82.079%))
  Logic Levels:           2  (IBUF=1 LUT1=1)
  Clock Path Skew:        1.996ns (DCD - SCD - CPR)
    Destination Clock Delay (DCD):    1.996ns
    Source Clock Delay      (SCD):    0.000ns
    Clock Pessimism Removal (CPR):    -0.000ns
  Timing Exception:       False Path

    Location             Delay type                Incr(ns)  Path(ns)    Netlist Resource(s)
  -------------------------------------------------------------------    -------------------
    C12                                               0.000     0.000 r  CPU_RESETN (IN)
                         net (fo=0)                   0.000     0.000    CPU_RESETN
    C12                  IBUF (Prop_ibuf_I_O)         0.275     0.275 r  CPU_RESETN_IBUF_inst/O
                         net (fo=1, routed)           1.280     1.554    CPU_RESETN_IBUF
    SLICE_X48Y104        LUT1 (Prop_lut1_I0_O)        0.045     1.599 f  resetSyncStage1_i_1/O
                         net (fo=2, routed)           0.184     1.783    resetSyncStage1_i_1_n_0
    SLICE_X48Y104        FDPE                                         f  resetSyncStage1_reg/PRE
  -------------------------------------------------------------------    -------------------

                         (clock board_clock rise edge)
                                                      0.000     0.000 r  
    E3                                                0.000     0.000 r  CLK100MHZ (IN)
                         net (fo=0)                   0.000     0.000    CLK100MHZ
    E3                   IBUF (Prop_ibuf_I_O)         0.438     0.438 r  CLK100MHZ_IBUF_inst/O
                         net (fo=2, routed)           0.699     1.136    CLK100MHZ_IBUF
    BUFGCTRL_X0Y16       BUFG (Prop_bufg_I_O)         0.029     1.165 r  CLK100MHZ_IBUF_BUFG_inst/O
                         net (fo=77, routed)          0.831     1.996    CLK100MHZ_IBUF_BUFG
    SLICE_X48Y104        FDPE                                         r  resetSyncStage1_reg/C

Slack:                    inf
  Source:                 CPU_RESETN
                            (input port)
  Destination:            resetSyncStage2_reg/PRE
                            (removal check against rising-edge clock board_clock  {rise@0.000ns fall@5.000ns period=10.000ns})
  Path Group:             (none)
  Path Type:              Removal (Min at Fast Process Corner)
  Data Path Delay:        1.783ns  (logic 0.320ns (17.921%)  route 1.464ns (82.079%))
  Logic Levels:           2  (IBUF=1 LUT1=1)
  Clock Path Skew:        1.996ns (DCD - SCD - CPR)
    Destination Clock Delay (DCD):    1.996ns
    Source Clock Delay      (SCD):    0.000ns
    Clock Pessimism Removal (CPR):    -0.000ns
  Timing Exception:       False Path

    Location             Delay type                Incr(ns)  Path(ns)    Netlist Resource(s)
  -------------------------------------------------------------------    -------------------
    C12                                               0.000     0.000 r  CPU_RESETN (IN)
                         net (fo=0)                   0.000     0.000    CPU_RESETN
    C12                  IBUF (Prop_ibuf_I_O)         0.275     0.275 r  CPU_RESETN_IBUF_inst/O
                         net (fo=1, routed)           1.280     1.554    CPU_RESETN_IBUF
    SLICE_X48Y104        LUT1 (Prop_lut1_I0_O)        0.045     1.599 f  resetSyncStage1_i_1/O
                         net (fo=2, routed)           0.184     1.783    resetSyncStage1_i_1_n_0
    SLICE_X48Y104        FDPE                                         f  resetSyncStage2_reg/PRE
  -------------------------------------------------------------------    -------------------

                         (clock board_clock rise edge)
                                                      0.000     0.000 r  
    E3                                                0.000     0.000 r  CLK100MHZ (IN)
                         net (fo=0)                   0.000     0.000    CLK100MHZ
    E3                   IBUF (Prop_ibuf_I_O)         0.438     0.438 r  CLK100MHZ_IBUF_inst/O
                         net (fo=2, routed)           0.699     1.136    CLK100MHZ_IBUF
    BUFGCTRL_X0Y16       BUFG (Prop_bufg_I_O)         0.029     1.165 r  CLK100MHZ_IBUF_BUFG_inst/O
                         net (fo=77, routed)          0.831     1.996    CLK100MHZ_IBUF_BUFG
    SLICE_X48Y104        FDPE                                         r  resetSyncStage2_reg/C





