Copyright 1986-2022 Xilinx, Inc. All Rights Reserved. Copyright 2022-2025 Advanced Micro Devices, Inc. All Rights Reserved.
------------------------------------------------------------------------------------------------------------------------------------------------------------------------------------------------------------------------------------------------------
| Tool Version : Vivado v.2025.2 (win64) Build 6299465 Fri Nov 14 19:35:11 GMT 2025
| Date         : Mon Sep  7 16:43:41 2026
| Host         : Shinobi running 64-bit major release  (build 9200)
| Command      : report_timing_summary -max_paths 10 -routable_nets -report_unconstrained -file novaSumDemoTop_timing_summary_routed.rpt -pb novaSumDemoTop_timing_summary_routed.pb -rpx novaSumDemoTop_timing_summary_routed.rpx -warn_on_violation
| Design       : novaSumDemoTop
| Device       : 7a100t-csg324
| Speed File   : -1  PRODUCTION 1.23 2018-06-13
| Design State : Routed
------------------------------------------------------------------------------------------------------------------------------------------------------------------------------------------------------------------------------------------------------

Timing Summary Report

------------------------------------------------------------------------------------------------
| Timer Settings
| --------------
------------------------------------------------------------------------------------------------

  Enable Multi Corner Analysis               :  Yes
  Enable Pessimism Removal                   :  Yes
  Pessimism Removal Resolution               :  Nearest Common Node
  Enable Input Delay Default Clock           :  No
  Enable Preset / Clear Arcs                 :  No
  Disable Flight Delays                      :  No
  Ignore I/O Paths                           :  No
  Timing Early Launch at Borrowing Latches   :  No
  Borrow Time for Max Delay Exceptions       :  Yes
  Merge Timing Exceptions                    :  Yes
  Inter-SLR Compensation                     :  Conservative

  Corner  Analyze    Analyze    
  Name    Max Paths  Min Paths  
  ------  ---------  ---------  
  Slow    Yes        Yes        
  Fast    Yes        Yes        


------------------------------------------------------------------------------------------------
| Report Methodology
| ------------------
------------------------------------------------------------------------------------------------

No report available as report_methodology has not been run prior. Run report_methodology on the current design for the summary of methodology violations.



check_timing report

Table of Contents
-----------------
1. checking no_clock (0)
2. checking constant_clock (0)
3. checking pulse_width_clock (0)
4. checking unconstrained_internal_endpoints (0)
5. checking no_input_delay (5)
6. checking no_output_delay (32)
7. checking multiple_clock (0)
8. checking generated_clocks (0)
9. checking loops (0)
10. checking partial_input_delay (0)
11. checking partial_output_delay (0)
12. checking latch_loops (0)

1. checking no_clock (0)
------------------------
 There are 0 register/latch pins with no clock.


2. checking constant_clock (0)
------------------------------
 There are 0 register/latch pins with constant_clock.


3. checking pulse_width_clock (0)
---------------------------------
 There are 0 register/latch pins which need pulse_width check


4. checking unconstrained_internal_endpoints (0)
------------------------------------------------
 There are 0 pins that are not constrained for maximum delay.

 There are 0 pins that are not constrained for maximum delay due to constant clock.


5. checking no_input_delay (5)
------------------------------
 There are 0 input ports with no input delay specified.

 There are 5 input ports with no input delay but user has a false path constraint. (MEDIUM)


6. checking no_output_delay (32)
--------------------------------
 There are 0 ports with no output delay specified.

 There are 32 ports with no output delay but user has a false path constraint (MEDIUM)

 There are 0 ports with no output delay but with a timing clock defined on it or propagating through it


7. checking multiple_clock (0)
------------------------------
 There are 0 register/latch pins with multiple clocks.


8. checking generated_clocks (0)
--------------------------------
 There are 0 generated clocks that are not connected to a clock source.


9. checking loops (0)
---------------------
 There are 0 combinational loops in the design.


10. checking partial_input_delay (0)
------------------------------------
 There are 0 input ports with partial input delay specified.


11. checking partial_output_delay (0)
-------------------------------------
 There are 0 ports with partial output delay specified.


12. checking latch_loops (0)
----------------------------
 There are 0 combinational latch loops in the design through latch input



------------------------------------------------------------------------------------------------
| Design Timing Summary
| ---------------------
------------------------------------------------------------------------------------------------

    WNS(ns)      TNS(ns)  TNS Failing Endpoints  TNS Total Endpoints      WHS(ns)      THS(ns)  THS Failing Endpoints  THS Total Endpoints     WPWS(ns)     TPWS(ns)  TPWS Failing Endpoints  TPWS Total Endpoints  
    -------      -------  ---------------------  -------------------      -------      -------  ---------------------  -------------------     --------     --------  ----------------------  --------------------  
      2.136        0.000                      0                  735        0.076        0.000                      0                  735        3.750        0.000                       0                   212  


All user specified timing constraints are met.


------------------------------------------------------------------------------------------------
| Clock Summary
| -------------
------------------------------------------------------------------------------------------------

Clock        Waveform(ns)       Period(ns)      Frequency(MHz)
-----        ------------       ----------      --------------
board_clock  {0.000 5.000}      10.000          100.000         


------------------------------------------------------------------------------------------------
| Intra Clock Table
| -----------------
------------------------------------------------------------------------------------------------

Clock             WNS(ns)      TNS(ns)  TNS Failing Endpoints  TNS Total Endpoints      WHS(ns)      THS(ns)  THS Failing Endpoints  THS Total Endpoints     WPWS(ns)     TPWS(ns)  TPWS Failing Endpoints  TPWS Total Endpoints  
-----             -------      -------  ---------------------  -------------------      -------      -------  ---------------------  -------------------     --------     --------  ----------------------  --------------------  
board_clock         2.136        0.000                      0                  735        0.076        0.000                      0                  735        3.750        0.000                       0                   212  


------------------------------------------------------------------------------------------------
| Inter Clock Table
| -----------------
------------------------------------------------------------------------------------------------

From Clock    To Clock          WNS(ns)      TNS(ns)  TNS Failing Endpoints  TNS Total Endpoints      WHS(ns)      THS(ns)  THS Failing Endpoints  THS Total Endpoints  
----------    --------          -------      -------  ---------------------  -------------------      -------      -------  ---------------------  -------------------  


------------------------------------------------------------------------------------------------
| Other Path Groups Table
| -----------------------
------------------------------------------------------------------------------------------------

Path Group    From Clock    To Clock          WNS(ns)      TNS(ns)  TNS Failing Endpoints  TNS Total Endpoints      WHS(ns)      THS(ns)  THS Failing Endpoints  THS Total Endpoints  
----------    ----------    --------          -------      -------  ---------------------  -------------------      -------      -------  ---------------------  -------------------  


------------------------------------------------------------------------------------------------
| User Ignored Path Table
| -----------------------
------------------------------------------------------------------------------------------------

Path Group    From Clock    To Clock    
----------    ----------    --------    
(none)        board_clock                 
(none)                      board_clock   


------------------------------------------------------------------------------------------------
| Unconstrained Path Table
| ------------------------
------------------------------------------------------------------------------------------------

Path Group    From Clock    To Clock    
----------    ----------    --------    


------------------------------------------------------------------------------------------------
| Timing Details
| --------------
------------------------------------------------------------------------------------------------


---------------------------------------------------------------------------------------------------
From Clock:  board_clock
  To Clock:  board_clock

Setup :            0  Failing Endpoints,  Worst Slack        2.136ns,  Total Violation        0.000ns
Hold  :            0  Failing Endpoints,  Worst Slack        0.076ns,  Total Violation        0.000ns
PW    :            0  Failing Endpoints,  Worst Slack        3.750ns,  Total Violation        0.000ns
---------------------------------------------------------------------------------------------------


Max Delay Paths
--------------------------------------------------------------------------------------
Slack (MET) :             2.136ns  (required time - arrival time)
  Source:                 boardInterface/processor/instructionReg/instructionOut_reg[14]/C
                            (rising edge-triggered cell FDRE clocked by board_clock  {rise@0.000ns fall@5.000ns period=10.000ns})
  Destination:            boardInterface/processor/flags/zeroFlag_reg/D
                            (rising edge-triggered cell FDRE clocked by board_clock  {rise@0.000ns fall@5.000ns period=10.000ns})
  Path Group:             board_clock
  Path Type:              Setup (Max at Slow Process Corner)
  Requirement:            10.000ns  (board_clock rise@10.000ns - board_clock rise@0.000ns)
  Data Path Delay:        7.817ns  (logic 2.863ns (36.624%)  route 4.954ns (63.376%))
  Logic Levels:           9  (CARRY4=2 LUT2=1 LUT3=1 LUT6=4 MUXF7=1)
  Clock Path Skew:        -0.042ns (DCD - SCD + CPR)
    Destination Clock Delay (DCD):    4.923ns = ( 14.923 - 10.000 ) 
    Source Clock Delay      (SCD):    5.224ns
    Clock Pessimism Removal (CPR):    0.259ns
  Clock Uncertainty:      0.035ns  ((TSJ^2 + TIJ^2)^1/2 + DJ) / 2 + PE
    Total System Jitter     (TSJ):    0.071ns
    Total Input Jitter      (TIJ):    0.000ns
    Discrete Jitter          (DJ):    0.000ns
    Phase Error              (PE):    0.000ns

    Location             Delay type                Incr(ns)  Path(ns)    Netlist Resource(s)
  -------------------------------------------------------------------    -------------------
                         (clock board_clock rise edge)
                                                      0.000     0.000 r  
    E3                                                0.000     0.000 r  CLK100MHZ (IN)
                         net (fo=0)                   0.000     0.000    CLK100MHZ
    E3                   IBUF (Prop_ibuf_I_O)         1.482     1.482 r  CLK100MHZ_IBUF_inst/O
                         net (fo=2, routed)           2.025     3.506    boardInterface/CLK100MHZ_IBUF
    BUFGCTRL_X0Y16       BUFGCTRL (Prop_bufgctrl_I0_O)
                                                      0.096     3.602 r  boardInterface/hardwareClockBuffer.coreClockBuffer/O
                         net (fo=135, routed)         1.622     5.224    boardInterface/processor/instructionReg/CLK
    SLICE_X36Y109        FDRE                                         r  boardInterface/processor/instructionReg/instructionOut_reg[14]/C
  -------------------------------------------------------------------    -------------------
    SLICE_X36Y109        FDRE (Prop_fdre_C_Q)         0.419     5.643 r  boardInterface/processor/instructionReg/instructionOut_reg[14]/Q
                         net (fo=22, routed)          1.174     6.817    boardInterface/processor/instructionReg/instructionOut_reg[15]_0[13]
    SLICE_X38Y111        LUT6 (Prop_lut6_I1_O)        0.296     7.113 r  boardInterface/processor/instructionReg/memory_reg_0_255_0_0_i_6/O
                         net (fo=16, routed)          0.787     7.900    boardInterface/processor/registerFile/registerReadAddressA__11[1]
    SLICE_X44Y111        LUT6 (Prop_lut6_I2_O)        0.124     8.024 r  boardInterface/processor/registerFile/memory_reg_0_255_2_2_i_2/O
                         net (fo=4, routed)           0.959     8.984    boardInterface/processor/registerFile/memory_reg_0_255_2_2_i_2_n_0
    SLICE_X43Y109        LUT3 (Prop_lut3_I0_O)        0.152     9.136 r  boardInterface/processor/registerFile/memory_reg_0_255_2_2_i_1/O
                         net (fo=14, routed)          0.627     9.763    boardInterface/processor/registerFile/registerReadDataA[2]
    SLICE_X40Y109        LUT2 (Prop_lut2_I0_O)        0.326    10.089 r  boardInterface/processor/registerFile/i__carry_i_6/O
                         net (fo=1, routed)           0.000    10.089    boardInterface/processor/arithmeticLogicUnit/S[2]
    SLICE_X40Y109        CARRY4 (Prop_carry4_S[2]_CO[3])
                                                      0.398    10.487 r  boardInterface/processor/arithmeticLogicUnit/result0_inferred__0/i__carry/CO[3]
                         net (fo=1, routed)           0.000    10.487    boardInterface/processor/arithmeticLogicUnit/result0_inferred__0/i__carry_n_0
    SLICE_X40Y110        CARRY4 (Prop_carry4_CI_O[1])
                                                      0.334    10.821 f  boardInterface/processor/arithmeticLogicUnit/result0_inferred__0/i__carry__0/O[1]
                         net (fo=1, routed)           0.652    11.473    boardInterface/processor/registerFile/executionResult_reg[7][4]
    SLICE_X41Y111        LUT6 (Prop_lut6_I3_O)        0.303    11.776 f  boardInterface/processor/registerFile/executionResult[5]_i_2/O
                         net (fo=1, routed)           0.000    11.776    boardInterface/processor/registerFile/executionResult[5]_i_2_n_0
    SLICE_X41Y111        MUXF7 (Prop_muxf7_I0_O)      0.212    11.988 f  boardInterface/processor/registerFile/executionResult_reg[5]_i_1/O
                         net (fo=2, routed)           0.755    12.743    boardInterface/processor/registerFile/D[4]
    SLICE_X40Y108        LUT6 (Prop_lut6_I1_O)        0.299    13.042 r  boardInterface/processor/registerFile/zeroFlag_i_1/O
                         net (fo=1, routed)           0.000    13.042    boardInterface/processor/flags/zeroIn
    SLICE_X40Y108        FDRE                                         r  boardInterface/processor/flags/zeroFlag_reg/D
  -------------------------------------------------------------------    -------------------

                         (clock board_clock rise edge)
                                                     10.000    10.000 r  
    E3                                                0.000    10.000 r  CLK100MHZ (IN)
                         net (fo=0)                   0.000    10.000    CLK100MHZ
    E3                   IBUF (Prop_ibuf_I_O)         1.411    11.411 r  CLK100MHZ_IBUF_inst/O
                         net (fo=2, routed)           1.920    13.331    boardInterface/CLK100MHZ_IBUF
    BUFGCTRL_X0Y16       BUFGCTRL (Prop_bufgctrl_I0_O)
                                                      0.091    13.422 r  boardInterface/hardwareClockBuffer.coreClockBuffer/O
                         net (fo=135, routed)         1.501    14.923    boardInterface/processor/flags/CLK
    SLICE_X40Y108        FDRE                                         r  boardInterface/processor/flags/zeroFlag_reg/C
                         clock pessimism              0.259    15.182    
                         clock uncertainty           -0.035    15.147    
    SLICE_X40Y108        FDRE (Setup_fdre_C_D)        0.031    15.178    boardInterface/processor/flags/zeroFlag_reg
  -------------------------------------------------------------------
                         required time                         15.178    
                         arrival time                         -13.042    
  -------------------------------------------------------------------
                         slack                                  2.136    

Slack (MET) :             2.465ns  (required time - arrival time)
  Source:                 boardInterface/processor/instructionReg/instructionOut_reg[14]/C
                            (rising edge-triggered cell FDRE clocked by board_clock  {rise@0.000ns fall@5.000ns period=10.000ns})
  Destination:            boardInterface/processor/executionResult_reg[5]/D
                            (rising edge-triggered cell FDRE clocked by board_clock  {rise@0.000ns fall@5.000ns period=10.000ns})
  Path Group:             board_clock
  Path Type:              Setup (Max at Slow Process Corner)
  Requirement:            10.000ns  (board_clock rise@10.000ns - board_clock rise@0.000ns)
  Data Path Delay:        7.239ns  (logic 2.564ns (35.418%)  route 4.675ns (64.582%))
  Logic Levels:           8  (CARRY4=2 LUT2=1 LUT3=1 LUT6=3 MUXF7=1)
  Clock Path Skew:        -0.042ns (DCD - SCD + CPR)
    Destination Clock Delay (DCD):    4.923ns = ( 14.923 - 10.000 ) 
    Source Clock Delay      (SCD):    5.224ns
    Clock Pessimism Removal (CPR):    0.259ns
  Clock Uncertainty:      0.035ns  ((TSJ^2 + TIJ^2)^1/2 + DJ) / 2 + PE
    Total System Jitter     (TSJ):    0.071ns
    Total Input Jitter      (TIJ):    0.000ns
    Discrete Jitter          (DJ):    0.000ns
    Phase Error              (PE):    0.000ns

    Location             Delay type                Incr(ns)  Path(ns)    Netlist Resource(s)
  -------------------------------------------------------------------    -------------------
                         (clock board_clock rise edge)
                                                      0.000     0.000 r  
    E3                                                0.000     0.000 r  CLK100MHZ (IN)
                         net (fo=0)                   0.000     0.000    CLK100MHZ
    E3                   IBUF (Prop_ibuf_I_O)         1.482     1.482 r  CLK100MHZ_IBUF_inst/O
                         net (fo=2, routed)           2.025     3.506    boardInterface/CLK100MHZ_IBUF
    BUFGCTRL_X0Y16       BUFGCTRL (Prop_bufgctrl_I0_O)
                                                      0.096     3.602 r  boardInterface/hardwareClockBuffer.coreClockBuffer/O
                         net (fo=135, routed)         1.622     5.224    boardInterface/processor/instructionReg/CLK
    SLICE_X36Y109        FDRE                                         r  boardInterface/processor/instructionReg/instructionOut_reg[14]/C
  -------------------------------------------------------------------    -------------------
    SLICE_X36Y109        FDRE (Prop_fdre_C_Q)         0.419     5.643 r  boardInterface/processor/instructionReg/instructionOut_reg[14]/Q
                         net (fo=22, routed)          1.174     6.817    boardInterface/processor/instructionReg/instructionOut_reg[15]_0[13]
    SLICE_X38Y111        LUT6 (Prop_lut6_I1_O)        0.296     7.113 r  boardInterface/processor/instructionReg/memory_reg_0_255_0_0_i_6/O
                         net (fo=16, routed)          0.787     7.900    boardInterface/processor/registerFile/registerReadAddressA__11[1]
    SLICE_X44Y111        LUT6 (Prop_lut6_I2_O)        0.124     8.024 r  boardInterface/processor/registerFile/memory_reg_0_255_2_2_i_2/O
                         net (fo=4, routed)           0.959     8.984    boardInterface/processor/registerFile/memory_reg_0_255_2_2_i_2_n_0
    SLICE_X43Y109        LUT3 (Prop_lut3_I0_O)        0.152     9.136 r  boardInterface/processor/registerFile/memory_reg_0_255_2_2_i_1/O
                         net (fo=14, routed)          0.627     9.763    boardInterface/processor/registerFile/registerReadDataA[2]
    SLICE_X40Y109        LUT2 (Prop_lut2_I0_O)        0.326    10.089 r  boardInterface/processor/registerFile/i__carry_i_6/O
                         net (fo=1, routed)           0.000    10.089    boardInterface/processor/arithmeticLogicUnit/S[2]
    SLICE_X40Y109        CARRY4 (Prop_carry4_S[2]_CO[3])
                                                      0.398    10.487 r  boardInterface/processor/arithmeticLogicUnit/result0_inferred__0/i__carry/CO[3]
                         net (fo=1, routed)           0.000    10.487    boardInterface/processor/arithmeticLogicUnit/result0_inferred__0/i__carry_n_0
    SLICE_X40Y110        CARRY4 (Prop_carry4_CI_O[1])
                                                      0.334    10.821 r  boardInterface/processor/arithmeticLogicUnit/result0_inferred__0/i__carry__0/O[1]
                         net (fo=1, routed)           0.652    11.473    boardInterface/processor/registerFile/executionResult_reg[7][4]
    SLICE_X41Y111        LUT6 (Prop_lut6_I3_O)        0.303    11.776 r  boardInterface/processor/registerFile/executionResult[5]_i_2/O
                         net (fo=1, routed)           0.000    11.776    boardInterface/processor/registerFile/executionResult[5]_i_2_n_0
    SLICE_X41Y111        MUXF7 (Prop_muxf7_I0_O)      0.212    11.988 r  boardInterface/processor/registerFile/executionResult_reg[5]_i_1/O
                         net (fo=2, routed)           0.476    12.464    boardInterface/processor/result[5]
    SLICE_X40Y108        FDRE                                         r  boardInterface/processor/executionResult_reg[5]/D
  -------------------------------------------------------------------    -------------------

                         (clock board_clock rise edge)
                                                     10.000    10.000 r  
    E3                                                0.000    10.000 r  CLK100MHZ (IN)
                         net (fo=0)                   0.000    10.000    CLK100MHZ
    E3                   IBUF (Prop_ibuf_I_O)         1.411    11.411 r  CLK100MHZ_IBUF_inst/O
                         net (fo=2, routed)           1.920    13.331    boardInterface/CLK100MHZ_IBUF
    BUFGCTRL_X0Y16       BUFGCTRL (Prop_bufgctrl_I0_O)
                                                      0.091    13.422 r  boardInterface/hardwareClockBuffer.coreClockBuffer/O
                         net (fo=135, routed)         1.501    14.923    boardInterface/processor/CLK
    SLICE_X40Y108        FDRE                                         r  boardInterface/processor/executionResult_reg[5]/C
                         clock pessimism              0.259    15.182    
                         clock uncertainty           -0.035    15.147    
    SLICE_X40Y108        FDRE (Setup_fdre_C_D)       -0.218    14.929    boardInterface/processor/executionResult_reg[5]
  -------------------------------------------------------------------
                         required time                         14.929    
                         arrival time                         -12.464    
  -------------------------------------------------------------------
                         slack                                  2.465    

Slack (MET) :             2.808ns  (required time - arrival time)
  Source:                 boardInterface/processor/instructionReg/instructionOut_reg[14]/C
                            (rising edge-triggered cell FDRE clocked by board_clock  {rise@0.000ns fall@5.000ns period=10.000ns})
  Destination:            boardInterface/processor/executionResult_reg[4]/D
                            (rising edge-triggered cell FDRE clocked by board_clock  {rise@0.000ns fall@5.000ns period=10.000ns})
  Path Group:             board_clock
  Path Type:              Setup (Max at Slow Process Corner)
  Requirement:            10.000ns  (board_clock rise@10.000ns - board_clock rise@0.000ns)
  Data Path Delay:        6.899ns  (logic 2.448ns (35.485%)  route 4.451ns (64.515%))
  Logic Levels:           8  (CARRY4=2 LUT2=1 LUT3=1 LUT6=3 MUXF7=1)
  Clock Path Skew:        -0.022ns (DCD - SCD + CPR)
    Destination Clock Delay (DCD):    4.923ns = ( 14.923 - 10.000 ) 
    Source Clock Delay      (SCD):    5.224ns
    Clock Pessimism Removal (CPR):    0.279ns
  Clock Uncertainty:      0.035ns  ((TSJ^2 + TIJ^2)^1/2 + DJ) / 2 + PE
    Total System Jitter     (TSJ):    0.071ns
    Total Input Jitter      (TIJ):    0.000ns
    Discrete Jitter          (DJ):    0.000ns
    Phase Error              (PE):    0.000ns

    Location             Delay type                Incr(ns)  Path(ns)    Netlist Resource(s)
  -------------------------------------------------------------------    -------------------
                         (clock board_clock rise edge)
                                                      0.000     0.000 r  
    E3                                                0.000     0.000 r  CLK100MHZ (IN)
                         net (fo=0)                   0.000     0.000    CLK100MHZ
    E3                   IBUF (Prop_ibuf_I_O)         1.482     1.482 r  CLK100MHZ_IBUF_inst/O
                         net (fo=2, routed)           2.025     3.506    boardInterface/CLK100MHZ_IBUF
    BUFGCTRL_X0Y16       BUFGCTRL (Prop_bufgctrl_I0_O)
                                                      0.096     3.602 r  boardInterface/hardwareClockBuffer.coreClockBuffer/O
                         net (fo=135, routed)         1.622     5.224    boardInterface/processor/instructionReg/CLK
    SLICE_X36Y109        FDRE                                         r  boardInterface/processor/instructionReg/instructionOut_reg[14]/C
  -------------------------------------------------------------------    -------------------
    SLICE_X36Y109        FDRE (Prop_fdre_C_Q)         0.419     5.643 r  boardInterface/processor/instructionReg/instructionOut_reg[14]/Q
                         net (fo=22, routed)          1.174     6.817    boardInterface/processor/instructionReg/instructionOut_reg[15]_0[13]
    SLICE_X38Y111        LUT6 (Prop_lut6_I1_O)        0.296     7.113 r  boardInterface/processor/instructionReg/memory_reg_0_255_0_0_i_6/O
                         net (fo=16, routed)          0.787     7.900    boardInterface/processor/registerFile/registerReadAddressA__11[1]
    SLICE_X44Y111        LUT6 (Prop_lut6_I2_O)        0.124     8.024 r  boardInterface/processor/registerFile/memory_reg_0_255_2_2_i_2/O
                         net (fo=4, routed)           0.959     8.984    boardInterface/processor/registerFile/memory_reg_0_255_2_2_i_2_n_0
    SLICE_X43Y109        LUT3 (Prop_lut3_I0_O)        0.152     9.136 r  boardInterface/processor/registerFile/memory_reg_0_255_2_2_i_1/O
                         net (fo=14, routed)          0.627     9.763    boardInterface/processor/registerFile/registerReadDataA[2]
    SLICE_X40Y109        LUT2 (Prop_lut2_I0_O)        0.326    10.089 r  boardInterface/processor/registerFile/i__carry_i_6/O
                         net (fo=1, routed)           0.000    10.089    boardInterface/processor/arithmeticLogicUnit/S[2]
    SLICE_X40Y109        CARRY4 (Prop_carry4_S[2]_CO[3])
                                                      0.398    10.487 r  boardInterface/processor/arithmeticLogicUnit/result0_inferred__0/i__carry/CO[3]
                         net (fo=1, routed)           0.000    10.487    boardInterface/processor/arithmeticLogicUnit/result0_inferred__0/i__carry_n_0
    SLICE_X40Y110        CARRY4 (Prop_carry4_CI_O[0])
                                                      0.222    10.709 r  boardInterface/processor/arithmeticLogicUnit/result0_inferred__0/i__carry__0/O[0]
                         net (fo=1, routed)           0.552    11.262    boardInterface/processor/registerFile/executionResult_reg[7][3]
    SLICE_X37Y110        LUT6 (Prop_lut6_I3_O)        0.299    11.561 r  boardInterface/processor/registerFile/executionResult[4]_i_2/O
                         net (fo=1, routed)           0.000    11.561    boardInterface/processor/registerFile/executionResult[4]_i_2_n_0
    SLICE_X37Y110        MUXF7 (Prop_muxf7_I0_O)      0.212    11.773 r  boardInterface/processor/registerFile/executionResult_reg[4]_i_1/O
                         net (fo=2, routed)           0.350    12.123    boardInterface/processor/result[4]
    SLICE_X37Y109        FDRE                                         r  boardInterface/processor/executionResult_reg[4]/D
  -------------------------------------------------------------------    -------------------

                         (clock board_clock rise edge)
                                                     10.000    10.000 r  
    E3                                                0.000    10.000 r  CLK100MHZ (IN)
                         net (fo=0)                   0.000    10.000    CLK100MHZ
    E3                   IBUF (Prop_ibuf_I_O)         1.411    11.411 r  CLK100MHZ_IBUF_inst/O
                         net (fo=2, routed)           1.920    13.331    boardInterface/CLK100MHZ_IBUF
    BUFGCTRL_X0Y16       BUFGCTRL (Prop_bufgctrl_I0_O)
                                                      0.091    13.422 r  boardInterface/hardwareClockBuffer.coreClockBuffer/O
                         net (fo=135, routed)         1.501    14.923    boardInterface/processor/CLK
    SLICE_X37Y109        FDRE                                         r  boardInterface/processor/executionResult_reg[4]/C
                         clock pessimism              0.279    15.202    
                         clock uncertainty           -0.035    15.167    
    SLICE_X37Y109        FDRE (Setup_fdre_C_D)       -0.236    14.931    boardInterface/processor/executionResult_reg[4]
  -------------------------------------------------------------------
                         required time                         14.931    
                         arrival time                         -12.123    
  -------------------------------------------------------------------
                         slack                                  2.808    

Slack (MET) :             2.999ns  (required time - arrival time)
  Source:                 boardInterface/processor/instructionReg/instructionOut_reg[14]/C
                            (rising edge-triggered cell FDRE clocked by board_clock  {rise@0.000ns fall@5.000ns period=10.000ns})
  Destination:            boardInterface/processor/executionResult_reg[3]/D
                            (rising edge-triggered cell FDRE clocked by board_clock  {rise@0.000ns fall@5.000ns period=10.000ns})
  Path Group:             board_clock
  Path Type:              Setup (Max at Slow Process Corner)
  Requirement:            10.000ns  (board_clock rise@10.000ns - board_clock rise@0.000ns)
  Data Path Delay:        6.688ns  (logic 2.187ns (32.702%)  route 4.501ns (67.298%))
  Logic Levels:           7  (CARRY4=1 LUT2=1 LUT3=1 LUT6=3 MUXF7=1)
  Clock Path Skew:        -0.022ns (DCD - SCD + CPR)
    Destination Clock Delay (DCD):    4.923ns = ( 14.923 - 10.000 ) 
    Source Clock Delay      (SCD):    5.224ns
    Clock Pessimism Removal (CPR):    0.279ns
  Clock Uncertainty:      0.035ns  ((TSJ^2 + TIJ^2)^1/2 + DJ) / 2 + PE
    Total System Jitter     (TSJ):    0.071ns
    Total Input Jitter      (TIJ):    0.000ns
    Discrete Jitter          (DJ):    0.000ns
    Phase Error              (PE):    0.000ns

    Location             Delay type                Incr(ns)  Path(ns)    Netlist Resource(s)
  -------------------------------------------------------------------    -------------------
                         (clock board_clock rise edge)
                                                      0.000     0.000 r  
    E3                                                0.000     0.000 r  CLK100MHZ (IN)
                         net (fo=0)                   0.000     0.000    CLK100MHZ
    E3                   IBUF (Prop_ibuf_I_O)         1.482     1.482 r  CLK100MHZ_IBUF_inst/O
                         net (fo=2, routed)           2.025     3.506    boardInterface/CLK100MHZ_IBUF
    BUFGCTRL_X0Y16       BUFGCTRL (Prop_bufgctrl_I0_O)
                                                      0.096     3.602 r  boardInterface/hardwareClockBuffer.coreClockBuffer/O
                         net (fo=135, routed)         1.622     5.224    boardInterface/processor/instructionReg/CLK
    SLICE_X36Y109        FDRE                                         r  boardInterface/processor/instructionReg/instructionOut_reg[14]/C
  -------------------------------------------------------------------    -------------------
    SLICE_X36Y109        FDRE (Prop_fdre_C_Q)         0.419     5.643 r  boardInterface/processor/instructionReg/instructionOut_reg[14]/Q
                         net (fo=22, routed)          1.174     6.817    boardInterface/processor/instructionReg/instructionOut_reg[15]_0[13]
    SLICE_X38Y111        LUT6 (Prop_lut6_I1_O)        0.296     7.113 r  boardInterface/processor/instructionReg/memory_reg_0_255_0_0_i_6/O
                         net (fo=16, routed)          0.787     7.900    boardInterface/processor/registerFile/registerReadAddressA__11[1]
    SLICE_X44Y111        LUT6 (Prop_lut6_I2_O)        0.124     8.024 r  boardInterface/processor/registerFile/memory_reg_0_255_2_2_i_2/O
                         net (fo=4, routed)           0.959     8.984    boardInterface/processor/registerFile/memory_reg_0_255_2_2_i_2_n_0
    SLICE_X43Y109        LUT3 (Prop_lut3_I0_O)        0.152     9.136 r  boardInterface/processor/registerFile/memory_reg_0_255_2_2_i_1/O
                         net (fo=14, routed)          0.627     9.763    boardInterface/processor/registerFile/registerReadDataA[2]
    SLICE_X40Y109        LUT2 (Prop_lut2_I0_O)        0.326    10.089 r  boardInterface/processor/registerFile/i__carry_i_6/O
                         net (fo=1, routed)           0.000    10.089    boardInterface/processor/arithmeticLogicUnit/S[2]
    SLICE_X40Y109        CARRY4 (Prop_carry4_S[2]_O[3])
                                                      0.352    10.441 r  boardInterface/processor/arithmeticLogicUnit/result0_inferred__0/i__carry/O[3]
                         net (fo=1, routed)           0.555    10.996    boardInterface/processor/registerFile/executionResult_reg[7][2]
    SLICE_X37Y109        LUT6 (Prop_lut6_I3_O)        0.306    11.302 r  boardInterface/processor/registerFile/executionResult[3]_i_2/O
                         net (fo=1, routed)           0.000    11.302    boardInterface/processor/registerFile/executionResult[3]_i_2_n_0
    SLICE_X37Y109        MUXF7 (Prop_muxf7_I0_O)      0.212    11.514 r  boardInterface/processor/registerFile/executionResult_reg[3]_i_1/O
                         net (fo=2, routed)           0.398    11.912    boardInterface/processor/result[3]
    SLICE_X37Y109        FDRE                                         r  boardInterface/processor/executionResult_reg[3]/D
  -------------------------------------------------------------------    -------------------

                         (clock board_clock rise edge)
                                                     10.000    10.000 r  
    E3                                                0.000    10.000 r  CLK100MHZ (IN)
                         net (fo=0)                   0.000    10.000    CLK100MHZ
    E3                   IBUF (Prop_ibuf_I_O)         1.411    11.411 r  CLK100MHZ_IBUF_inst/O
                         net (fo=2, routed)           1.920    13.331    boardInterface/CLK100MHZ_IBUF
    BUFGCTRL_X0Y16       BUFGCTRL (Prop_bufgctrl_I0_O)
                                                      0.091    13.422 r  boardInterface/hardwareClockBuffer.coreClockBuffer/O
                         net (fo=135, routed)         1.501    14.923    boardInterface/processor/CLK
    SLICE_X37Y109        FDRE                                         r  boardInterface/processor/executionResult_reg[3]/C
                         clock pessimism              0.279    15.202    
                         clock uncertainty           -0.035    15.167    
    SLICE_X37Y109        FDRE (Setup_fdre_C_D)       -0.256    14.911    boardInterface/processor/executionResult_reg[3]
  -------------------------------------------------------------------
                         required time                         14.911    
                         arrival time                         -11.912    
  -------------------------------------------------------------------
                         slack                                  2.999    

Slack (MET) :             3.001ns  (required time - arrival time)
  Source:                 boardInterface/processor/instructionReg/instructionOut_reg[14]/C
                            (rising edge-triggered cell FDRE clocked by board_clock  {rise@0.000ns fall@5.000ns period=10.000ns})
  Destination:            boardInterface/processor/executionResult_reg[2]/D
                            (rising edge-triggered cell FDRE clocked by board_clock  {rise@0.000ns fall@5.000ns period=10.000ns})
  Path Group:             board_clock
  Path Type:              Setup (Max at Slow Process Corner)
  Requirement:            10.000ns  (board_clock rise@10.000ns - board_clock rise@0.000ns)
  Data Path Delay:        6.666ns  (logic 2.181ns (32.719%)  route 4.485ns (67.281%))
  Logic Levels:           7  (CARRY4=1 LUT2=1 LUT3=1 LUT6=3 MUXF7=1)
  Clock Path Skew:        -0.042ns (DCD - SCD + CPR)
    Destination Clock Delay (DCD):    4.923ns = ( 14.923 - 10.000 ) 
    Source Clock Delay      (SCD):    5.224ns
    Clock Pessimism Removal (CPR):    0.259ns
  Clock Uncertainty:      0.035ns  ((TSJ^2 + TIJ^2)^1/2 + DJ) / 2 + PE
    Total System Jitter     (TSJ):    0.071ns
    Total Input Jitter      (TIJ):    0.000ns
    Discrete Jitter          (DJ):    0.000ns
    Phase Error              (PE):    0.000ns

    Location             Delay type                Incr(ns)  Path(ns)    Netlist Resource(s)
  -------------------------------------------------------------------    -------------------
                         (clock board_clock rise edge)
                                                      0.000     0.000 r  
    E3                                                0.000     0.000 r  CLK100MHZ (IN)
                         net (fo=0)                   0.000     0.000    CLK100MHZ
    E3                   IBUF (Prop_ibuf_I_O)         1.482     1.482 r  CLK100MHZ_IBUF_inst/O
                         net (fo=2, routed)           2.025     3.506    boardInterface/CLK100MHZ_IBUF
    BUFGCTRL_X0Y16       BUFGCTRL (Prop_bufgctrl_I0_O)
                                                      0.096     3.602 r  boardInterface/hardwareClockBuffer.coreClockBuffer/O
                         net (fo=135, routed)         1.622     5.224    boardInterface/processor/instructionReg/CLK
    SLICE_X36Y109        FDRE                                         r  boardInterface/processor/instructionReg/instructionOut_reg[14]/C
  -------------------------------------------------------------------    -------------------
    SLICE_X36Y109        FDRE (Prop_fdre_C_Q)         0.419     5.643 r  boardInterface/processor/instructionReg/instructionOut_reg[14]/Q
                         net (fo=22, routed)          1.174     6.817    boardInterface/processor/instructionReg/instructionOut_reg[15]_0[13]
    SLICE_X38Y111        LUT6 (Prop_lut6_I1_O)        0.296     7.113 r  boardInterface/processor/instructionReg/memory_reg_0_255_0_0_i_6/O
                         net (fo=16, routed)          0.630     7.743    boardInterface/processor/registerFile/registerReadAddressA__11[1]
    SLICE_X42Y112        LUT6 (Prop_lut6_I2_O)        0.124     7.867 r  boardInterface/processor/registerFile/memory_reg_0_255_1_1_i_2/O
                         net (fo=5, routed)           1.011     8.879    boardInterface/processor/registerFile/memory_reg_0_255_1_1_i_2_n_0
    SLICE_X43Y109        LUT3 (Prop_lut3_I0_O)        0.124     9.003 r  boardInterface/processor/registerFile/memory_reg_0_255_1_1_i_1/O
                         net (fo=13, routed)          0.658     9.660    boardInterface/processor/registerFile/registerReadDataA[1]
    SLICE_X40Y109        LUT2 (Prop_lut2_I0_O)        0.124     9.784 r  boardInterface/processor/registerFile/i__carry_i_7/O
                         net (fo=1, routed)           0.000     9.784    boardInterface/processor/arithmeticLogicUnit/S[1]
    SLICE_X40Y109        CARRY4 (Prop_carry4_S[1]_O[2])
                                                      0.580    10.364 r  boardInterface/processor/arithmeticLogicUnit/result0_inferred__0/i__carry/O[2]
                         net (fo=1, routed)           0.424    10.789    boardInterface/processor/registerFile/executionResult_reg[7][1]
    SLICE_X40Y108        LUT6 (Prop_lut6_I3_O)        0.302    11.091 r  boardInterface/processor/registerFile/executionResult[2]_i_2/O
                         net (fo=1, routed)           0.000    11.091    boardInterface/processor/registerFile/executionResult[2]_i_2_n_0
    SLICE_X40Y108        MUXF7 (Prop_muxf7_I0_O)      0.212    11.303 r  boardInterface/processor/registerFile/executionResult_reg[2]_i_1/O
                         net (fo=2, routed)           0.587    11.890    boardInterface/processor/result[2]
    SLICE_X40Y108        FDRE                                         r  boardInterface/processor/executionResult_reg[2]/D
  -------------------------------------------------------------------    -------------------

                         (clock board_clock rise edge)
                                                     10.000    10.000 r  
    E3                                                0.000    10.000 r  CLK100MHZ (IN)
                         net (fo=0)                   0.000    10.000    CLK100MHZ
    E3                   IBUF (Prop_ibuf_I_O)         1.411    11.411 r  CLK100MHZ_IBUF_inst/O
                         net (fo=2, routed)           1.920    13.331    boardInterface/CLK100MHZ_IBUF
    BUFGCTRL_X0Y16       BUFGCTRL (Prop_bufgctrl_I0_O)
                                                      0.091    13.422 r  boardInterface/hardwareClockBuffer.coreClockBuffer/O
                         net (fo=135, routed)         1.501    14.923    boardInterface/processor/CLK
    SLICE_X40Y108        FDRE                                         r  boardInterface/processor/executionResult_reg[2]/C
                         clock pessimism              0.259    15.182    
                         clock uncertainty           -0.035    15.147    
    SLICE_X40Y108        FDRE (Setup_fdre_C_D)       -0.256    14.891    boardInterface/processor/executionResult_reg[2]
  -------------------------------------------------------------------
                         required time                         14.891    
                         arrival time                         -11.890    
  -------------------------------------------------------------------
                         slack                                  3.001    

Slack (MET) :             3.122ns  (required time - arrival time)
  Source:                 boardInterface/processor/instructionReg/instructionOut_reg[14]/C
                            (rising edge-triggered cell FDRE clocked by board_clock  {rise@0.000ns fall@5.000ns period=10.000ns})
  Destination:            boardInterface/processor/executionResult_reg[0]/D
                            (rising edge-triggered cell FDRE clocked by board_clock  {rise@0.000ns fall@5.000ns period=10.000ns})
  Path Group:             board_clock
  Path Type:              Setup (Max at Slow Process Corner)
  Requirement:            10.000ns  (board_clock rise@10.000ns - board_clock rise@0.000ns)
  Data Path Delay:        6.527ns  (logic 1.975ns (30.257%)  route 4.552ns (69.743%))
  Logic Levels:           8  (CARRY4=1 LUT2=1 LUT3=2 LUT6=2 MUXF7=1 MUXF8=1)
  Clock Path Skew:        -0.042ns (DCD - SCD + CPR)
    Destination Clock Delay (DCD):    4.923ns = ( 14.923 - 10.000 ) 
    Source Clock Delay      (SCD):    5.224ns
    Clock Pessimism Removal (CPR):    0.259ns
  Clock Uncertainty:      0.035ns  ((TSJ^2 + TIJ^2)^1/2 + DJ) / 2 + PE
    Total System Jitter     (TSJ):    0.071ns
    Total Input Jitter      (TIJ):    0.000ns
    Discrete Jitter          (DJ):    0.000ns
    Phase Error              (PE):    0.000ns

    Location             Delay type                Incr(ns)  Path(ns)    Netlist Resource(s)
  -------------------------------------------------------------------    -------------------
                         (clock board_clock rise edge)
                                                      0.000     0.000 r  
    E3                                                0.000     0.000 r  CLK100MHZ (IN)
                         net (fo=0)                   0.000     0.000    CLK100MHZ
    E3                   IBUF (Prop_ibuf_I_O)         1.482     1.482 r  CLK100MHZ_IBUF_inst/O
                         net (fo=2, routed)           2.025     3.506    boardInterface/CLK100MHZ_IBUF
    BUFGCTRL_X0Y16       BUFGCTRL (Prop_bufgctrl_I0_O)
                                                      0.096     3.602 r  boardInterface/hardwareClockBuffer.coreClockBuffer/O
                         net (fo=135, routed)         1.622     5.224    boardInterface/processor/instructionReg/CLK
    SLICE_X36Y109        FDRE                                         r  boardInterface/processor/instructionReg/instructionOut_reg[14]/C
  -------------------------------------------------------------------    -------------------
    SLICE_X36Y109        FDRE (Prop_fdre_C_Q)         0.419     5.643 r  boardInterface/processor/instructionReg/instructionOut_reg[14]/Q
                         net (fo=22, routed)          1.174     6.817    boardInterface/processor/instructionReg/instructionOut_reg[15]_0[13]
    SLICE_X38Y111        LUT6 (Prop_lut6_I1_O)        0.296     7.113 r  boardInterface/processor/instructionReg/memory_reg_0_255_0_0_i_6/O
                         net (fo=16, routed)          0.621     7.734    boardInterface/processor/registerFile/registerReadAddressA__11[1]
    SLICE_X43Y109        LUT6 (Prop_lut6_I2_O)        0.124     7.858 r  boardInterface/processor/registerFile/memory_reg_0_255_0_0_i_3/O
                         net (fo=6, routed)           0.768     8.626    boardInterface/processor/registerFile/memory_reg_0_255_0_0_i_3_n_0
    SLICE_X41Y111        LUT3 (Prop_lut3_I0_O)        0.124     8.750 r  boardInterface/processor/registerFile/memory_reg_0_255_0_0_i_1/O
                         net (fo=12, routed)          0.624     9.375    boardInterface/processor/registerFile/registerReadDataA[0]
    SLICE_X41Y109        LUT2 (Prop_lut2_I0_O)        0.124     9.499 r  boardInterface/processor/registerFile/executionResult[3]_i_12/O
                         net (fo=1, routed)           0.000     9.499    boardInterface/processor/registerFile/executionResult[3]_i_12_n_0
    SLICE_X41Y109        CARRY4 (Prop_carry4_S[0]_O[0])
                                                      0.247     9.746 r  boardInterface/processor/registerFile/executionResult_reg[3]_i_4/O[0]
                         net (fo=1, routed)           0.714    10.459    boardInterface/processor/arithmeticLogicUnit/O[0]
    SLICE_X44Y109        LUT3 (Prop_lut3_I2_O)        0.299    10.758 r  boardInterface/processor/arithmeticLogicUnit/executionResult[0]_i_4/O
                         net (fo=1, routed)           0.000    10.758    boardInterface/processor/instructionReg/executionResult_reg[0]_0
    SLICE_X44Y109        MUXF7 (Prop_muxf7_I0_O)      0.238    10.996 r  boardInterface/processor/instructionReg/executionResult_reg[0]_i_2/O
                         net (fo=1, routed)           0.000    10.996    boardInterface/processor/instructionReg/executionResult_reg[0]_i_2_n_0
    SLICE_X44Y109        MUXF8 (Prop_muxf8_I0_O)      0.104    11.100 r  boardInterface/processor/instructionReg/executionResult_reg[0]_i_1/O
                         net (fo=2, routed)           0.651    11.752    boardInterface/processor/result[0]
    SLICE_X41Y108        FDRE                                         r  boardInterface/processor/executionResult_reg[0]/D
  -------------------------------------------------------------------    -------------------

                         (clock board_clock rise edge)
                                                     10.000    10.000 r  
    E3                                                0.000    10.000 r  CLK100MHZ (IN)
                         net (fo=0)                   0.000    10.000    CLK100MHZ
    E3                   IBUF (Prop_ibuf_I_O)         1.411    11.411 r  CLK100MHZ_IBUF_inst/O
                         net (fo=2, routed)           1.920    13.331    boardInterface/CLK100MHZ_IBUF
    BUFGCTRL_X0Y16       BUFGCTRL (Prop_bufgctrl_I0_O)
                                                      0.091    13.422 r  boardInterface/hardwareClockBuffer.coreClockBuffer/O
                         net (fo=135, routed)         1.501    14.923    boardInterface/processor/CLK
    SLICE_X41Y108        FDRE                                         r  boardInterface/processor/executionResult_reg[0]/C
                         clock pessimism              0.259    15.182    
                         clock uncertainty           -0.035    15.147    
    SLICE_X41Y108        FDRE (Setup_fdre_C_D)       -0.273    14.874    boardInterface/processor/executionResult_reg[0]
  -------------------------------------------------------------------
                         required time                         14.874    
                         arrival time                         -11.752    
  -------------------------------------------------------------------
                         slack                                  3.122    

Slack (MET) :             3.316ns  (required time - arrival time)
  Source:                 boardInterface/processor/instructionReg/instructionOut_reg[14]/C
                            (rising edge-triggered cell FDRE clocked by board_clock  {rise@0.000ns fall@5.000ns period=10.000ns})
  Destination:            boardInterface/processor/executionResult_reg[7]/D
                            (rising edge-triggered cell FDRE clocked by board_clock  {rise@0.000ns fall@5.000ns period=10.000ns})
  Path Group:             board_clock
  Path Type:              Setup (Max at Slow Process Corner)
  Requirement:            10.000ns  (board_clock rise@10.000ns - board_clock rise@0.000ns)
  Data Path Delay:        6.714ns  (logic 2.575ns (38.352%)  route 4.139ns (61.648%))
  Logic Levels:           8  (CARRY4=2 LUT2=1 LUT3=1 LUT6=3 MUXF7=1)
  Clock Path Skew:        -0.047ns (DCD - SCD + CPR)
    Destination Clock Delay (DCD):    4.918ns = ( 14.918 - 10.000 ) 
    Source Clock Delay      (SCD):    5.224ns
    Clock Pessimism Removal (CPR):    0.259ns
  Clock Uncertainty:      0.035ns  ((TSJ^2 + TIJ^2)^1/2 + DJ) / 2 + PE
    Total System Jitter     (TSJ):    0.071ns
    Total Input Jitter      (TIJ):    0.000ns
    Discrete Jitter          (DJ):    0.000ns
    Phase Error              (PE):    0.000ns

    Location             Delay type                Incr(ns)  Path(ns)    Netlist Resource(s)
  -------------------------------------------------------------------    -------------------
                         (clock board_clock rise edge)
                                                      0.000     0.000 r  
    E3                                                0.000     0.000 r  CLK100MHZ (IN)
                         net (fo=0)                   0.000     0.000    CLK100MHZ
    E3                   IBUF (Prop_ibuf_I_O)         1.482     1.482 r  CLK100MHZ_IBUF_inst/O
                         net (fo=2, routed)           2.025     3.506    boardInterface/CLK100MHZ_IBUF
    BUFGCTRL_X0Y16       BUFGCTRL (Prop_bufgctrl_I0_O)
                                                      0.096     3.602 r  boardInterface/hardwareClockBuffer.coreClockBuffer/O
                         net (fo=135, routed)         1.622     5.224    boardInterface/processor/instructionReg/CLK
    SLICE_X36Y109        FDRE                                         r  boardInterface/processor/instructionReg/instructionOut_reg[14]/C
  -------------------------------------------------------------------    -------------------
    SLICE_X36Y109        FDRE (Prop_fdre_C_Q)         0.419     5.643 r  boardInterface/processor/instructionReg/instructionOut_reg[14]/Q
                         net (fo=22, routed)          1.174     6.817    boardInterface/processor/instructionReg/instructionOut_reg[15]_0[13]
    SLICE_X38Y111        LUT6 (Prop_lut6_I1_O)        0.296     7.113 r  boardInterface/processor/instructionReg/memory_reg_0_255_0_0_i_6/O
                         net (fo=16, routed)          0.787     7.900    boardInterface/processor/registerFile/registerReadAddressA__11[1]
    SLICE_X44Y111        LUT6 (Prop_lut6_I2_O)        0.124     8.024 r  boardInterface/processor/registerFile/memory_reg_0_255_2_2_i_2/O
                         net (fo=4, routed)           0.959     8.984    boardInterface/processor/registerFile/memory_reg_0_255_2_2_i_2_n_0
    SLICE_X43Y109        LUT3 (Prop_lut3_I0_O)        0.152     9.136 r  boardInterface/processor/registerFile/memory_reg_0_255_2_2_i_1/O
                         net (fo=14, routed)          0.627     9.763    boardInterface/processor/registerFile/registerReadDataA[2]
    SLICE_X40Y109        LUT2 (Prop_lut2_I0_O)        0.326    10.089 r  boardInterface/processor/registerFile/i__carry_i_6/O
                         net (fo=1, routed)           0.000    10.089    boardInterface/processor/arithmeticLogicUnit/S[2]
    SLICE_X40Y109        CARRY4 (Prop_carry4_S[2]_CO[3])
                                                      0.398    10.487 r  boardInterface/processor/arithmeticLogicUnit/result0_inferred__0/i__carry/CO[3]
                         net (fo=1, routed)           0.000    10.487    boardInterface/processor/arithmeticLogicUnit/result0_inferred__0/i__carry_n_0
    SLICE_X40Y110        CARRY4 (Prop_carry4_CI_O[3])
                                                      0.313    10.800 r  boardInterface/processor/arithmeticLogicUnit/result0_inferred__0/i__carry__0/O[3]
                         net (fo=1, routed)           0.591    11.391    boardInterface/processor/registerFile/executionResult_reg[7][6]
    SLICE_X42Y111        LUT6 (Prop_lut6_I3_O)        0.306    11.697 r  boardInterface/processor/registerFile/executionResult[7]_i_4/O
                         net (fo=2, routed)           0.000    11.697    boardInterface/processor/registerFile/executionResult[7]_i_4_n_0
    SLICE_X42Y111        MUXF7 (Prop_muxf7_I0_O)      0.241    11.938 r  boardInterface/processor/registerFile/executionResult_reg[7]_i_2/O
                         net (fo=1, routed)           0.000    11.938    boardInterface/processor/result[7]
    SLICE_X42Y111        FDRE                                         r  boardInterface/processor/executionResult_reg[7]/D
  -------------------------------------------------------------------    -------------------

                         (clock board_clock rise edge)
                                                     10.000    10.000 r  
    E3                                                0.000    10.000 r  CLK100MHZ (IN)
                         net (fo=0)                   0.000    10.000    CLK100MHZ
    E3                   IBUF (Prop_ibuf_I_O)         1.411    11.411 r  CLK100MHZ_IBUF_inst/O
                         net (fo=2, routed)           1.920    13.331    boardInterface/CLK100MHZ_IBUF
    BUFGCTRL_X0Y16       BUFGCTRL (Prop_bufgctrl_I0_O)
                                                      0.091    13.422 r  boardInterface/hardwareClockBuffer.coreClockBuffer/O
                         net (fo=135, routed)         1.496    14.918    boardInterface/processor/CLK
    SLICE_X42Y111        FDRE                                         r  boardInterface/processor/executionResult_reg[7]/C
                         clock pessimism              0.259    15.177    
                         clock uncertainty           -0.035    15.142    
    SLICE_X42Y111        FDRE (Setup_fdre_C_D)        0.113    15.255    boardInterface/processor/executionResult_reg[7]
  -------------------------------------------------------------------
                         required time                         15.255    
                         arrival time                         -11.938    
  -------------------------------------------------------------------
                         slack                                  3.316    

Slack (MET) :             3.410ns  (required time - arrival time)
  Source:                 boardInterface/processor/instructionReg/instructionOut_reg[14]/C
                            (rising edge-triggered cell FDRE clocked by board_clock  {rise@0.000ns fall@5.000ns period=10.000ns})
  Destination:            boardInterface/processor/flags/borrowFlag_reg/D
                            (rising edge-triggered cell FDRE clocked by board_clock  {rise@0.000ns fall@5.000ns period=10.000ns})
  Path Group:             board_clock
  Path Type:              Setup (Max at Slow Process Corner)
  Requirement:            10.000ns  (board_clock rise@10.000ns - board_clock rise@0.000ns)
  Data Path Delay:        6.559ns  (logic 1.991ns (30.356%)  route 4.568ns (69.644%))
  Logic Levels:           6  (CARRY4=1 LUT3=1 LUT4=1 LUT5=1 LUT6=2)
  Clock Path Skew:        -0.025ns (DCD - SCD + CPR)
    Destination Clock Delay (DCD):    4.923ns = ( 14.923 - 10.000 ) 
    Source Clock Delay      (SCD):    5.224ns
    Clock Pessimism Removal (CPR):    0.276ns
  Clock Uncertainty:      0.035ns  ((TSJ^2 + TIJ^2)^1/2 + DJ) / 2 + PE
    Total System Jitter     (TSJ):    0.071ns
    Total Input Jitter      (TIJ):    0.000ns
    Discrete Jitter          (DJ):    0.000ns
    Phase Error              (PE):    0.000ns

    Location             Delay type                Incr(ns)  Path(ns)    Netlist Resource(s)
  -------------------------------------------------------------------    -------------------
                         (clock board_clock rise edge)
                                                      0.000     0.000 r  
    E3                                                0.000     0.000 r  CLK100MHZ (IN)
                         net (fo=0)                   0.000     0.000    CLK100MHZ
    E3                   IBUF (Prop_ibuf_I_O)         1.482     1.482 r  CLK100MHZ_IBUF_inst/O
                         net (fo=2, routed)           2.025     3.506    boardInterface/CLK100MHZ_IBUF
    BUFGCTRL_X0Y16       BUFGCTRL (Prop_bufgctrl_I0_O)
                                                      0.096     3.602 r  boardInterface/hardwareClockBuffer.coreClockBuffer/O
                         net (fo=135, routed)         1.622     5.224    boardInterface/processor/instructionReg/CLK
    SLICE_X36Y109        FDRE                                         r  boardInterface/processor/instructionReg/instructionOut_reg[14]/C
  -------------------------------------------------------------------    -------------------
    SLICE_X36Y109        FDRE (Prop_fdre_C_Q)         0.419     5.643 r  boardInterface/processor/instructionReg/instructionOut_reg[14]/Q
                         net (fo=22, routed)          1.174     6.817    boardInterface/processor/instructionReg/instructionOut_reg[15]_0[13]
    SLICE_X38Y111        LUT6 (Prop_lut6_I1_O)        0.296     7.113 r  boardInterface/processor/instructionReg/memory_reg_0_255_0_0_i_6/O
                         net (fo=16, routed)          0.787     7.900    boardInterface/processor/registerFile/registerReadAddressA__11[1]
    SLICE_X44Y111        LUT6 (Prop_lut6_I2_O)        0.124     8.024 r  boardInterface/processor/registerFile/memory_reg_0_255_2_2_i_2/O
                         net (fo=4, routed)           0.959     8.984    boardInterface/processor/registerFile/memory_reg_0_255_2_2_i_2_n_0
    SLICE_X43Y109        LUT3 (Prop_lut3_I0_O)        0.152     9.136 r  boardInterface/processor/registerFile/memory_reg_0_255_2_2_i_1/O
                         net (fo=14, routed)          1.017    10.153    boardInterface/processor/registerFile/registerReadDataA[2]
    SLICE_X39Y111        LUT4 (Prop_lut4_I3_O)        0.326    10.479 r  boardInterface/processor/registerFile/borrowFlag0_carry_i_7/O
                         net (fo=1, routed)           0.000    10.479    boardInterface/processor/arithmeticLogicUnit/flags/borrowFlag_reg_0[1]
    SLICE_X39Y111        CARRY4 (Prop_carry4_S[1]_CO[3])
                                                      0.550    11.029 r  boardInterface/processor/arithmeticLogicUnit/flags/borrowFlag0_carry/CO[3]
                         net (fo=1, routed)           0.630    11.659    boardInterface/processor/instructionReg/CO[0]
    SLICE_X36Y110        LUT5 (Prop_lut5_I4_O)        0.124    11.783 r  boardInterface/processor/instructionReg/borrowFlag_i_1/O
                         net (fo=1, routed)           0.000    11.783    boardInterface/processor/flags/candidateBorrowFlag
    SLICE_X36Y110        FDRE                                         r  boardInterface/processor/flags/borrowFlag_reg/D
  -------------------------------------------------------------------    -------------------

                         (clock board_clock rise edge)
                                                     10.000    10.000 r  
    E3                                                0.000    10.000 r  CLK100MHZ (IN)
                         net (fo=0)                   0.000    10.000    CLK100MHZ
    E3                   IBUF (Prop_ibuf_I_O)         1.411    11.411 r  CLK100MHZ_IBUF_inst/O
                         net (fo=2, routed)           1.920    13.331    boardInterface/CLK100MHZ_IBUF
    BUFGCTRL_X0Y16       BUFGCTRL (Prop_bufgctrl_I0_O)
                                                      0.091    13.422 r  boardInterface/hardwareClockBuffer.coreClockBuffer/O
                         net (fo=135, routed)         1.501    14.923    boardInterface/processor/flags/CLK
    SLICE_X36Y110        FDRE                                         r  boardInterface/processor/flags/borrowFlag_reg/C
                         clock pessimism              0.276    15.199    
                         clock uncertainty           -0.035    15.164    
    SLICE_X36Y110        FDRE (Setup_fdre_C_D)        0.029    15.193    boardInterface/processor/flags/borrowFlag_reg
  -------------------------------------------------------------------
                         required time                         15.193    
                         arrival time                         -11.783    
  -------------------------------------------------------------------
                         slack                                  3.410    

Slack (MET) :             3.442ns  (required time - arrival time)
  Source:                 boardInterface/processor/instructionReg/instructionOut_reg[14]/C
                            (rising edge-triggered cell FDRE clocked by board_clock  {rise@0.000ns fall@5.000ns period=10.000ns})
  Destination:            boardInterface/processor/executionResult_reg[6]/D
                            (rising edge-triggered cell FDRE clocked by board_clock  {rise@0.000ns fall@5.000ns period=10.000ns})
  Path Group:             board_clock
  Path Type:              Setup (Max at Slow Process Corner)
  Requirement:            10.000ns  (board_clock rise@10.000ns - board_clock rise@0.000ns)
  Data Path Delay:        6.589ns  (logic 2.465ns (37.413%)  route 4.124ns (62.587%))
  Logic Levels:           8  (CARRY4=2 LUT2=1 LUT3=1 LUT6=3 MUXF7=1)
  Clock Path Skew:        -0.047ns (DCD - SCD + CPR)
    Destination Clock Delay (DCD):    4.918ns = ( 14.918 - 10.000 ) 
    Source Clock Delay      (SCD):    5.224ns
    Clock Pessimism Removal (CPR):    0.259ns
  Clock Uncertainty:      0.035ns  ((TSJ^2 + TIJ^2)^1/2 + DJ) / 2 + PE
    Total System Jitter     (TSJ):    0.071ns
    Total Input Jitter      (TIJ):    0.000ns
    Discrete Jitter          (DJ):    0.000ns
    Phase Error              (PE):    0.000ns

    Location             Delay type                Incr(ns)  Path(ns)    Netlist Resource(s)
  -------------------------------------------------------------------    -------------------
                         (clock board_clock rise edge)
                                                      0.000     0.000 r  
    E3                                                0.000     0.000 r  CLK100MHZ (IN)
                         net (fo=0)                   0.000     0.000    CLK100MHZ
    E3                   IBUF (Prop_ibuf_I_O)         1.482     1.482 r  CLK100MHZ_IBUF_inst/O
                         net (fo=2, routed)           2.025     3.506    boardInterface/CLK100MHZ_IBUF
    BUFGCTRL_X0Y16       BUFGCTRL (Prop_bufgctrl_I0_O)
                                                      0.096     3.602 r  boardInterface/hardwareClockBuffer.coreClockBuffer/O
                         net (fo=135, routed)         1.622     5.224    boardInterface/processor/instructionReg/CLK
    SLICE_X36Y109        FDRE                                         r  boardInterface/processor/instructionReg/instructionOut_reg[14]/C
  -------------------------------------------------------------------    -------------------
    SLICE_X36Y109        FDRE (Prop_fdre_C_Q)         0.419     5.643 r  boardInterface/processor/instructionReg/instructionOut_reg[14]/Q
                         net (fo=22, routed)          1.174     6.817    boardInterface/processor/instructionReg/instructionOut_reg[15]_0[13]
    SLICE_X38Y111        LUT6 (Prop_lut6_I1_O)        0.296     7.113 r  boardInterface/processor/instructionReg/memory_reg_0_255_0_0_i_6/O
                         net (fo=16, routed)          0.787     7.900    boardInterface/processor/registerFile/registerReadAddressA__11[1]
    SLICE_X44Y111        LUT6 (Prop_lut6_I2_O)        0.124     8.024 r  boardInterface/processor/registerFile/memory_reg_0_255_2_2_i_2/O
                         net (fo=4, routed)           0.959     8.984    boardInterface/processor/registerFile/memory_reg_0_255_2_2_i_2_n_0
    SLICE_X43Y109        LUT3 (Prop_lut3_I0_O)        0.152     9.136 r  boardInterface/processor/registerFile/memory_reg_0_255_2_2_i_1/O
                         net (fo=14, routed)          0.611     9.747    boardInterface/processor/registerFile/registerReadDataA[2]
    SLICE_X41Y109        LUT2 (Prop_lut2_I0_O)        0.326    10.073 r  boardInterface/processor/registerFile/executionResult[3]_i_10/O
                         net (fo=1, routed)           0.000    10.073    boardInterface/processor/registerFile/executionResult[3]_i_10_n_0
    SLICE_X41Y109        CARRY4 (Prop_carry4_S[2]_CO[3])
                                                      0.398    10.471 r  boardInterface/processor/registerFile/executionResult_reg[3]_i_4/CO[3]
                         net (fo=1, routed)           0.000    10.471    boardInterface/processor/registerFile/executionResult_reg[3]_i_4_n_0
    SLICE_X41Y110        CARRY4 (Prop_carry4_CI_O[2])
                                                      0.239    10.710 r  boardInterface/processor/registerFile/executionResult_reg[7]_i_6/O[2]
                         net (fo=1, routed)           0.592    11.302    boardInterface/processor/registerFile/data0[6]
    SLICE_X42Y111        LUT6 (Prop_lut6_I5_O)        0.302    11.604 r  boardInterface/processor/registerFile/executionResult[6]_i_2/O
                         net (fo=2, routed)           0.000    11.604    boardInterface/processor/registerFile/executionResult[6]_i_2_n_0
    SLICE_X42Y111        MUXF7 (Prop_muxf7_I0_O)      0.209    11.813 r  boardInterface/processor/registerFile/executionResult_reg[6]_i_1/O
                         net (fo=1, routed)           0.000    11.813    boardInterface/processor/result[6]
    SLICE_X42Y111        FDRE                                         r  boardInterface/processor/executionResult_reg[6]/D
  -------------------------------------------------------------------    -------------------

                         (clock board_clock rise edge)
                                                     10.000    10.000 r  
    E3                                                0.000    10.000 r  CLK100MHZ (IN)
                         net (fo=0)                   0.000    10.000    CLK100MHZ
    E3                   IBUF (Prop_ibuf_I_O)         1.411    11.411 r  CLK100MHZ_IBUF_inst/O
                         net (fo=2, routed)           1.920    13.331    boardInterface/CLK100MHZ_IBUF
    BUFGCTRL_X0Y16       BUFGCTRL (Prop_bufgctrl_I0_O)
                                                      0.091    13.422 r  boardInterface/hardwareClockBuffer.coreClockBuffer/O
                         net (fo=135, routed)         1.496    14.918    boardInterface/processor/CLK
    SLICE_X42Y111        FDRE                                         r  boardInterface/processor/executionResult_reg[6]/C
                         clock pessimism              0.259    15.177    
                         clock uncertainty           -0.035    15.142    
    SLICE_X42Y111        FDRE (Setup_fdre_C_D)        0.113    15.255    boardInterface/processor/executionResult_reg[6]
  -------------------------------------------------------------------
                         required time                         15.255    
                         arrival time                         -11.813    
  -------------------------------------------------------------------
                         slack                                  3.442    

Slack (MET) :             3.740ns  (required time - arrival time)
  Source:                 boardInterface/processor/instructionReg/instructionOut_reg[14]/C
                            (rising edge-triggered cell FDRE clocked by board_clock  {rise@0.000ns fall@5.000ns period=10.000ns})
  Destination:            boardInterface/processor/flags/carryFlag_reg/D
                            (rising edge-triggered cell FDRE clocked by board_clock  {rise@0.000ns fall@5.000ns period=10.000ns})
  Path Group:             board_clock
  Path Type:              Setup (Max at Slow Process Corner)
  Requirement:            10.000ns  (board_clock rise@10.000ns - board_clock rise@0.000ns)
  Data Path Delay:        6.212ns  (logic 1.857ns (29.895%)  route 4.355ns (70.105%))
  Logic Levels:           7  (CARRY4=2 LUT2=1 LUT3=1 LUT6=3)
  Clock Path Skew:        -0.042ns (DCD - SCD + CPR)
    Destination Clock Delay (DCD):    4.923ns = ( 14.923 - 10.000 ) 
    Source Clock Delay      (SCD):    5.224ns
    Clock Pessimism Removal (CPR):    0.259ns
  Clock Uncertainty:      0.035ns  ((TSJ^2 + TIJ^2)^1/2 + DJ) / 2 + PE
    Total System Jitter     (TSJ):    0.071ns
    Total Input Jitter      (TIJ):    0.000ns
    Discrete Jitter          (DJ):    0.000ns
    Phase Error              (PE):    0.000ns

    Location             Delay type                Incr(ns)  Path(ns)    Netlist Resource(s)
  -------------------------------------------------------------------    -------------------
                         (clock board_clock rise edge)
                                                      0.000     0.000 r  
    E3                                                0.000     0.000 r  CLK100MHZ (IN)
                         net (fo=0)                   0.000     0.000    CLK100MHZ
    E3                   IBUF (Prop_ibuf_I_O)         1.482     1.482 r  CLK100MHZ_IBUF_inst/O
                         net (fo=2, routed)           2.025     3.506    boardInterface/CLK100MHZ_IBUF
    BUFGCTRL_X0Y16       BUFGCTRL (Prop_bufgctrl_I0_O)
                                                      0.096     3.602 r  boardInterface/hardwareClockBuffer.coreClockBuffer/O
                         net (fo=135, routed)         1.622     5.224    boardInterface/processor/instructionReg/CLK
    SLICE_X36Y109        FDRE                                         r  boardInterface/processor/instructionReg/instructionOut_reg[14]/C
  -------------------------------------------------------------------    -------------------
    SLICE_X36Y109        FDRE (Prop_fdre_C_Q)         0.419     5.643 r  boardInterface/processor/instructionReg/instructionOut_reg[14]/Q
                         net (fo=22, routed)          1.174     6.817    boardInterface/processor/instructionReg/instructionOut_reg[15]_0[13]
    SLICE_X38Y111        LUT6 (Prop_lut6_I1_O)        0.296     7.113 r  boardInterface/processor/instructionReg/memory_reg_0_255_0_0_i_6/O
                         net (fo=16, routed)          0.621     7.734    boardInterface/processor/registerFile/registerReadAddressA__11[1]
    SLICE_X43Y109        LUT6 (Prop_lut6_I2_O)        0.124     7.858 r  boardInterface/processor/registerFile/memory_reg_0_255_0_0_i_3/O
                         net (fo=6, routed)           0.768     8.626    boardInterface/processor/registerFile/memory_reg_0_255_0_0_i_3_n_0
    SLICE_X41Y111        LUT3 (Prop_lut3_I0_O)        0.124     8.750 r  boardInterface/processor/registerFile/memory_reg_0_255_0_0_i_1/O
                         net (fo=12, routed)          1.038     9.789    boardInterface/processor/registerFile/registerReadDataA[0]
    SLICE_X39Y109        LUT2 (Prop_lut2_I0_O)        0.124     9.913 r  boardInterface/processor/registerFile/carryFlag_i_21/O
                         net (fo=1, routed)           0.000     9.913    boardInterface/processor/registerFile/carryFlag_i_21_n_0
    SLICE_X39Y109        CARRY4 (Prop_carry4_S[0]_CO[3])
                                                      0.532    10.445 r  boardInterface/processor/registerFile/carryFlag_reg_i_5/CO[3]
                         net (fo=1, routed)           0.000    10.445    boardInterface/processor/registerFile/carryFlag_reg_i_5_n_0
    SLICE_X39Y110        CARRY4 (Prop_carry4_CI_CO[3])
                                                      0.114    10.559 r  boardInterface/processor/registerFile/carryFlag_reg_i_4/CO[3]
                         net (fo=1, routed)           0.753    11.312    boardInterface/processor/registerFile/extendedSum[8]
    SLICE_X39Y108        LUT6 (Prop_lut6_I4_O)        0.124    11.436 r  boardInterface/processor/registerFile/carryFlag_i_1/O
                         net (fo=1, routed)           0.000    11.436    boardInterface/processor/flags/carryIn
    SLICE_X39Y108        FDRE                                         r  boardInterface/processor/flags/carryFlag_reg/D
  -------------------------------------------------------------------    -------------------

                         (clock board_clock rise edge)
                                                     10.000    10.000 r  
    E3                                                0.000    10.000 r  CLK100MHZ (IN)
                         net (fo=0)                   0.000    10.000    CLK100MHZ
    E3                   IBUF (Prop_ibuf_I_O)         1.411    11.411 r  CLK100MHZ_IBUF_inst/O
                         net (fo=2, routed)           1.920    13.331    boardInterface/CLK100MHZ_IBUF
    BUFGCTRL_X0Y16       BUFGCTRL (Prop_bufgctrl_I0_O)
                                                      0.091    13.422 r  boardInterface/hardwareClockBuffer.coreClockBuffer/O
                         net (fo=135, routed)         1.501    14.923    boardInterface/processor/flags/CLK
    SLICE_X39Y108        FDRE                                         r  boardInterface/processor/flags/carryFlag_reg/C
                         clock pessimism              0.259    15.182    
                         clock uncertainty           -0.035    15.147    
    SLICE_X39Y108        FDRE (Setup_fdre_C_D)        0.029    15.176    boardInterface/processor/flags/carryFlag_reg
  -------------------------------------------------------------------
                         required time                         15.176    
                         arrival time                         -11.436    
  -------------------------------------------------------------------
                         slack                                  3.740    





Min Delay Paths
--------------------------------------------------------------------------------------
Slack (MET) :             0.076ns  (arrival time - required time)
  Source:                 boardInterface/resetSyncStage2_reg/C
                            (rising edge-triggered cell FDPE clocked by board_clock  {rise@0.000ns fall@5.000ns period=10.000ns})
  Destination:            boardInterface/processor/registerFile/registers_reg[1][2]/R
                            (rising edge-triggered cell FDRE clocked by board_clock  {rise@0.000ns fall@5.000ns period=10.000ns})
  Path Group:             board_clock
  Path Type:              Hold (Min at Fast Process Corner)
  Requirement:            0.000ns  (board_clock rise@0.000ns - board_clock rise@0.000ns)
  Data Path Delay:        0.330ns  (logic 0.128ns (38.814%)  route 0.202ns (61.186%))
  Logic Levels:           0  
  Clock Path Skew:        0.325ns (DCD - SCD - CPR)
    Destination Clock Delay (DCD):    1.995ns
    Source Clock Delay      (SCD):    1.481ns
    Clock Pessimism Removal (CPR):    0.188ns

    Location             Delay type                Incr(ns)  Path(ns)    Netlist Resource(s)
  -------------------------------------------------------------------    -------------------
                         (clock board_clock rise edge)
                                                      0.000     0.000 r  
    E3                                                0.000     0.000 r  CLK100MHZ (IN)
                         net (fo=0)                   0.000     0.000    CLK100MHZ
    E3                   IBUF (Prop_ibuf_I_O)         0.250     0.250 r  CLK100MHZ_IBUF_inst/O
                         net (fo=2, routed)           0.644     0.894    CLK100MHZ_IBUF
    BUFGCTRL_X0Y17       BUFG (Prop_bufg_I_O)         0.026     0.920 r  CLK100MHZ_IBUF_BUFG_inst/O
                         net (fo=75, routed)          0.562     1.481    boardInterface/CLK
    SLICE_X44Y104        FDPE                                         r  boardInterface/resetSyncStage2_reg/C
  -------------------------------------------------------------------    -------------------
    SLICE_X44Y104        FDPE (Prop_fdpe_C_Q)         0.128     1.609 r  boardInterface/resetSyncStage2_reg/Q
                         net (fo=135, routed)         0.202     1.811    boardInterface/processor/registerFile/out
    SLICE_X44Y110        FDRE                                         r  boardInterface/processor/registerFile/registers_reg[1][2]/R
  -------------------------------------------------------------------    -------------------

                         (clock board_clock rise edge)
                                                      0.000     0.000 r  
    E3                                                0.000     0.000 r  CLK100MHZ (IN)
                         net (fo=0)                   0.000     0.000    CLK100MHZ
    E3                   IBUF (Prop_ibuf_I_O)         0.438     0.438 r  CLK100MHZ_IBUF_inst/O
                         net (fo=2, routed)           0.699     1.136    boardInterface/CLK100MHZ_IBUF
    BUFGCTRL_X0Y16       BUFGCTRL (Prop_bufgctrl_I0_O)
                                                      0.029     1.165 r  boardInterface/hardwareClockBuffer.coreClockBuffer/O
                         net (fo=135, routed)         0.830     1.995    boardInterface/processor/registerFile/CLK
    SLICE_X44Y110        FDRE                                         r  boardInterface/processor/registerFile/registers_reg[1][2]/C
                         clock pessimism             -0.188     1.807    
    SLICE_X44Y110        FDRE (Hold_fdre_C_R)        -0.072     1.735    boardInterface/processor/registerFile/registers_reg[1][2]
  -------------------------------------------------------------------
                         required time                         -1.735    
                         arrival time                           1.811    
  -------------------------------------------------------------------
                         slack                                  0.076    

Slack (MET) :             0.076ns  (arrival time - required time)
  Source:                 boardInterface/resetSyncStage2_reg/C
                            (rising edge-triggered cell FDPE clocked by board_clock  {rise@0.000ns fall@5.000ns period=10.000ns})
  Destination:            boardInterface/processor/registerFile/registers_reg[1][3]/R
                            (rising edge-triggered cell FDRE clocked by board_clock  {rise@0.000ns fall@5.000ns period=10.000ns})
  Path Group:             board_clock
  Path Type:              Hold (Min at Fast Process Corner)
  Requirement:            0.000ns  (board_clock rise@0.000ns - board_clock rise@0.000ns)
  Data Path Delay:        0.330ns  (logic 0.128ns (38.814%)  route 0.202ns (61.186%))
  Logic Levels:           0  
  Clock Path Skew:        0.325ns (DCD - SCD - CPR)
    Destination Clock Delay (DCD):    1.995ns
    Source Clock Delay      (SCD):    1.481ns
    Clock Pessimism Removal (CPR):    0.188ns

    Location             Delay type                Incr(ns)  Path(ns)    Netlist Resource(s)
  -------------------------------------------------------------------    -------------------
                         (clock board_clock rise edge)
                                                      0.000     0.000 r  
    E3                                                0.000     0.000 r  CLK100MHZ (IN)
                         net (fo=0)                   0.000     0.000    CLK100MHZ
    E3                   IBUF (Prop_ibuf_I_O)         0.250     0.250 r  CLK100MHZ_IBUF_inst/O
                         net (fo=2, routed)           0.644     0.894    CLK100MHZ_IBUF
    BUFGCTRL_X0Y17       BUFG (Prop_bufg_I_O)         0.026     0.920 r  CLK100MHZ_IBUF_BUFG_inst/O
                         net (fo=75, routed)          0.562     1.481    boardInterface/CLK
    SLICE_X44Y104        FDPE                                         r  boardInterface/resetSyncStage2_reg/C
  -------------------------------------------------------------------    -------------------
    SLICE_X44Y104        FDPE (Prop_fdpe_C_Q)         0.128     1.609 r  boardInterface/resetSyncStage2_reg/Q
                         net (fo=135, routed)         0.202     1.811    boardInterface/processor/registerFile/out
    SLICE_X44Y110        FDRE                                         r  boardInterface/processor/registerFile/registers_reg[1][3]/R
  -------------------------------------------------------------------    -------------------

                         (clock board_clock rise edge)
                                                      0.000     0.000 r  
    E3                                                0.000     0.000 r  CLK100MHZ (IN)
                         net (fo=0)                   0.000     0.000    CLK100MHZ
    E3                   IBUF (Prop_ibuf_I_O)         0.438     0.438 r  CLK100MHZ_IBUF_inst/O
                         net (fo=2, routed)           0.699     1.136    boardInterface/CLK100MHZ_IBUF
    BUFGCTRL_X0Y16       BUFGCTRL (Prop_bufgctrl_I0_O)
                                                      0.029     1.165 r  boardInterface/hardwareClockBuffer.coreClockBuffer/O
                         net (fo=135, routed)         0.830     1.995    boardInterface/processor/registerFile/CLK
    SLICE_X44Y110        FDRE                                         r  boardInterface/processor/registerFile/registers_reg[1][3]/C
                         clock pessimism             -0.188     1.807    
    SLICE_X44Y110        FDRE (Hold_fdre_C_R)        -0.072     1.735    boardInterface/processor/registerFile/registers_reg[1][3]
  -------------------------------------------------------------------
                         required time                         -1.735    
                         arrival time                           1.811    
  -------------------------------------------------------------------
                         slack                                  0.076    

Slack (MET) :             0.105ns  (arrival time - required time)
  Source:                 boardInterface/stepButton/debounceCounter_reg[3]/C
                            (rising edge-triggered cell FDRE clocked by board_clock  {rise@0.000ns fall@5.000ns period=10.000ns})
  Destination:            boardInterface/stepButton/debounceCounter_reg[4]/D
                            (rising edge-triggered cell FDRE clocked by board_clock  {rise@0.000ns fall@5.000ns period=10.000ns})
  Path Group:             board_clock
  Path Type:              Hold (Min at Fast Process Corner)
  Requirement:            0.000ns  (board_clock rise@0.000ns - board_clock rise@0.000ns)
  Data Path Delay:        0.475ns  (logic 0.355ns (74.742%)  route 0.120ns (25.258%))
  Logic Levels:           2  (CARRY4=2)
  Clock Path Skew:        0.265ns (DCD - SCD - CPR)
    Destination Clock Delay (DCD):    1.997ns
    Source Clock Delay      (SCD):    1.486ns
    Clock Pessimism Removal (CPR):    0.245ns

    Location             Delay type                Incr(ns)  Path(ns)    Netlist Resource(s)
  -------------------------------------------------------------------    -------------------
                         (clock board_clock rise edge)
                                                      0.000     0.000 r  
    E3                                                0.000     0.000 r  CLK100MHZ (IN)
                         net (fo=0)                   0.000     0.000    CLK100MHZ
    E3                   IBUF (Prop_ibuf_I_O)         0.250     0.250 r  CLK100MHZ_IBUF_inst/O
                         net (fo=2, routed)           0.644     0.894    CLK100MHZ_IBUF
    BUFGCTRL_X0Y17       BUFG (Prop_bufg_I_O)         0.026     0.920 r  CLK100MHZ_IBUF_BUFG_inst/O
                         net (fo=75, routed)          0.567     1.486    boardInterface/stepButton/CLK
    SLICE_X47Y99         FDRE                                         r  boardInterface/stepButton/debounceCounter_reg[3]/C
  -------------------------------------------------------------------    -------------------
    SLICE_X47Y99         FDRE (Prop_fdre_C_Q)         0.141     1.627 r  boardInterface/stepButton/debounceCounter_reg[3]/Q
                         net (fo=2, routed)           0.119     1.747    boardInterface/stepButton/debounceCounter_reg[3]
    SLICE_X47Y99         CARRY4 (Prop_carry4_S[3]_CO[3])
                                                      0.160     1.907 r  boardInterface/stepButton/debounceCounter_reg[0]_i_2/CO[3]
                         net (fo=1, routed)           0.001     1.907    boardInterface/stepButton/debounceCounter_reg[0]_i_2_n_0
    SLICE_X47Y100        CARRY4 (Prop_carry4_CI_O[0])
                                                      0.054     1.961 r  boardInterface/stepButton/debounceCounter_reg[4]_i_1/O[0]
                         net (fo=1, routed)           0.000     1.961    boardInterface/stepButton/debounceCounter_reg[4]_i_1_n_7
    SLICE_X47Y100        FDRE                                         r  boardInterface/stepButton/debounceCounter_reg[4]/D
  -------------------------------------------------------------------    -------------------

                         (clock board_clock rise edge)
                                                      0.000     0.000 r  
    E3                                                0.000     0.000 r  CLK100MHZ (IN)
                         net (fo=0)                   0.000     0.000    CLK100MHZ
    E3                   IBUF (Prop_ibuf_I_O)         0.438     0.438 r  CLK100MHZ_IBUF_inst/O
                         net (fo=2, routed)           0.699     1.136    CLK100MHZ_IBUF
    BUFGCTRL_X0Y17       BUFG (Prop_bufg_I_O)         0.029     1.165 r  CLK100MHZ_IBUF_BUFG_inst/O
                         net (fo=75, routed)          0.832     1.997    boardInterface/stepButton/CLK
    SLICE_X47Y100        FDRE                                         r  boardInterface/stepButton/debounceCounter_reg[4]/C
                         clock pessimism             -0.245     1.751    
    SLICE_X47Y100        FDRE (Hold_fdre_C_D)         0.105     1.856    boardInterface/stepButton/debounceCounter_reg[4]
  -------------------------------------------------------------------
                         required time                         -1.856    
                         arrival time                           1.961    
  -------------------------------------------------------------------
                         slack                                  0.105    

Slack (MET) :             0.111ns  (arrival time - required time)
  Source:                 boardInterface/processor/instructionReg/instructionOut_reg[1]/C
                            (rising edge-triggered cell FDRE clocked by board_clock  {rise@0.000ns fall@5.000ns period=10.000ns})
  Destination:            boardInterface/processor/dataRam/memory_reg_0_255_3_3/RAMS64E_A/ADR1
                            (rising edge-triggered cell RAMS64E clocked by board_clock  {rise@0.000ns fall@5.000ns period=10.000ns})
  Path Group:             board_clock
  Path Type:              Hold (Min at Fast Process Corner)
  Requirement:            0.000ns  (board_clock rise@0.000ns - board_clock rise@0.000ns)
  Data Path Delay:        0.456ns  (logic 0.141ns (30.889%)  route 0.315ns (69.111%))
  Logic Levels:           0  
  Clock Path Skew:        0.036ns (DCD - SCD - CPR)
    Destination Clock Delay (DCD):    1.998ns
    Source Clock Delay      (SCD):    1.482ns
    Clock Pessimism Removal (CPR):    0.479ns

    Location             Delay type                Incr(ns)  Path(ns)    Netlist Resource(s)
  -------------------------------------------------------------------    -------------------
                         (clock board_clock rise edge)
                                                      0.000     0.000 r  
    E3                                                0.000     0.000 r  CLK100MHZ (IN)
                         net (fo=0)                   0.000     0.000    CLK100MHZ
    E3                   IBUF (Prop_ibuf_I_O)         0.250     0.250 r  CLK100MHZ_IBUF_inst/O
                         net (fo=2, routed)           0.644     0.894    boardInterface/CLK100MHZ_IBUF
    BUFGCTRL_X0Y16       BUFGCTRL (Prop_bufgctrl_I0_O)
                                                      0.026     0.920 r  boardInterface/hardwareClockBuffer.coreClockBuffer/O
                         net (fo=135, routed)         0.563     1.482    boardInterface/processor/instructionReg/CLK
    SLICE_X35Y109        FDRE                                         r  boardInterface/processor/instructionReg/instructionOut_reg[1]/C
  -------------------------------------------------------------------    -------------------
    SLICE_X35Y109        FDRE (Prop_fdre_C_Q)         0.141     1.623 r  boardInterface/processor/instructionReg/instructionOut_reg[1]/Q
                         net (fo=36, routed)          0.315     1.939    boardInterface/processor/dataRam/memory_reg_0_255_3_3/A1
    SLICE_X38Y109        RAMS64E                                      r  boardInterface/processor/dataRam/memory_reg_0_255_3_3/RAMS64E_A/ADR1
  -------------------------------------------------------------------    -------------------

                         (clock board_clock rise edge)
                                                      0.000     0.000 r  
    E3                                                0.000     0.000 r  CLK100MHZ (IN)
                         net (fo=0)                   0.000     0.000    CLK100MHZ
    E3                   IBUF (Prop_ibuf_I_O)         0.438     0.438 r  CLK100MHZ_IBUF_inst/O
                         net (fo=2, routed)           0.699     1.136    boardInterface/CLK100MHZ_IBUF
    BUFGCTRL_X0Y16       BUFGCTRL (Prop_bufgctrl_I0_O)
                                                      0.029     1.165 r  boardInterface/hardwareClockBuffer.coreClockBuffer/O
                         net (fo=135, routed)         0.833     1.998    boardInterface/processor/dataRam/memory_reg_0_255_3_3/WCLK
    SLICE_X38Y109        RAMS64E                                      r  boardInterface/processor/dataRam/memory_reg_0_255_3_3/RAMS64E_A/CLK
                         clock pessimism             -0.479     1.518    
    SLICE_X38Y109        RAMS64E (Hold_rams64e_CLK_ADR1)
                                                      0.309     1.827    boardInterface/processor/dataRam/memory_reg_0_255_3_3/RAMS64E_A
  -------------------------------------------------------------------
                         required time                         -1.827    
                         arrival time                           1.939    
  -------------------------------------------------------------------
                         slack                                  0.111    

Slack (MET) :             0.111ns  (arrival time - required time)
  Source:                 boardInterface/processor/instructionReg/instructionOut_reg[1]/C
                            (rising edge-triggered cell FDRE clocked by board_clock  {rise@0.000ns fall@5.000ns period=10.000ns})
  Destination:            boardInterface/processor/dataRam/memory_reg_0_255_3_3/RAMS64E_B/ADR1
                            (rising edge-triggered cell RAMS64E clocked by board_clock  {rise@0.000ns fall@5.000ns period=10.000ns})
  Path Group:             board_clock
  Path Type:              Hold (Min at Fast Process Corner)
  Requirement:            0.000ns  (board_clock rise@0.000ns - board_clock rise@0.000ns)
  Data Path Delay:        0.456ns  (logic 0.141ns (30.889%)  route 0.315ns (69.111%))
  Logic Levels:           0  
  Clock Path Skew:        0.036ns (DCD - SCD - CPR)
    Destination Clock Delay (DCD):    1.998ns
    Source Clock Delay      (SCD):    1.482ns
    Clock Pessimism Removal (CPR):    0.479ns

    Location             Delay type                Incr(ns)  Path(ns)    Netlist Resource(s)
  -------------------------------------------------------------------    -------------------
                         (clock board_clock rise edge)
                                                      0.000     0.000 r  
    E3                                                0.000     0.000 r  CLK100MHZ (IN)
                         net (fo=0)                   0.000     0.000    CLK100MHZ
    E3                   IBUF (Prop_ibuf_I_O)         0.250     0.250 r  CLK100MHZ_IBUF_inst/O
                         net (fo=2, routed)           0.644     0.894    boardInterface/CLK100MHZ_IBUF
    BUFGCTRL_X0Y16       BUFGCTRL (Prop_bufgctrl_I0_O)
                                                      0.026     0.920 r  boardInterface/hardwareClockBuffer.coreClockBuffer/O
                         net (fo=135, routed)         0.563     1.482    boardInterface/processor/instructionReg/CLK
    SLICE_X35Y109        FDRE                                         r  boardInterface/processor/instructionReg/instructionOut_reg[1]/C
  -------------------------------------------------------------------    -------------------
    SLICE_X35Y109        FDRE (Prop_fdre_C_Q)         0.141     1.623 r  boardInterface/processor/instructionReg/instructionOut_reg[1]/Q
                         net (fo=36, routed)          0.315     1.939    boardInterface/processor/dataRam/memory_reg_0_255_3_3/A1
    SLICE_X38Y109        RAMS64E                                      r  boardInterface/processor/dataRam/memory_reg_0_255_3_3/RAMS64E_B/ADR1
  -------------------------------------------------------------------    -------------------

                         (clock board_clock rise edge)
                                                      0.000     0.000 r  
    E3                                                0.000     0.000 r  CLK100MHZ (IN)
                         net (fo=0)                   0.000     0.000    CLK100MHZ
    E3                   IBUF (Prop_ibuf_I_O)         0.438     0.438 r  CLK100MHZ_IBUF_inst/O
                         net (fo=2, routed)           0.699     1.136    boardInterface/CLK100MHZ_IBUF
    BUFGCTRL_X0Y16       BUFGCTRL (Prop_bufgctrl_I0_O)
                                                      0.029     1.165 r  boardInterface/hardwareClockBuffer.coreClockBuffer/O
                         net (fo=135, routed)         0.833     1.998    boardInterface/processor/dataRam/memory_reg_0_255_3_3/WCLK
    SLICE_X38Y109        RAMS64E                                      r  boardInterface/processor/dataRam/memory_reg_0_255_3_3/RAMS64E_B/CLK
                         clock pessimism             -0.479     1.518    
    SLICE_X38Y109        RAMS64E (Hold_rams64e_CLK_ADR1)
                                                      0.309     1.827    boardInterface/processor/dataRam/memory_reg_0_255_3_3/RAMS64E_B
  -------------------------------------------------------------------
                         required time                         -1.827    
                         arrival time                           1.939    
  -------------------------------------------------------------------
                         slack                                  0.111    

Slack (MET) :             0.111ns  (arrival time - required time)
  Source:                 boardInterface/processor/instructionReg/instructionOut_reg[1]/C
                            (rising edge-triggered cell FDRE clocked by board_clock  {rise@0.000ns fall@5.000ns period=10.000ns})
  Destination:            boardInterface/processor/dataRam/memory_reg_0_255_3_3/RAMS64E_C/ADR1
                            (rising edge-triggered cell RAMS64E clocked by board_clock  {rise@0.000ns fall@5.000ns period=10.000ns})
  Path Group:             board_clock
  Path Type:              Hold (Min at Fast Process Corner)
  Requirement:            0.000ns  (board_clock rise@0.000ns - board_clock rise@0.000ns)
  Data Path Delay:        0.456ns  (logic 0.141ns (30.889%)  route 0.315ns (69.111%))
  Logic Levels:           0  
  Clock Path Skew:        0.036ns (DCD - SCD - CPR)
    Destination Clock Delay (DCD):    1.998ns
    Source Clock Delay      (SCD):    1.482ns
    Clock Pessimism Removal (CPR):    0.479ns

    Location             Delay type                Incr(ns)  Path(ns)    Netlist Resource(s)
  -------------------------------------------------------------------    -------------------
                         (clock board_clock rise edge)
                                                      0.000     0.000 r  
    E3                                                0.000     0.000 r  CLK100MHZ (IN)
                         net (fo=0)                   0.000     0.000    CLK100MHZ
    E3                   IBUF (Prop_ibuf_I_O)         0.250     0.250 r  CLK100MHZ_IBUF_inst/O
                         net (fo=2, routed)           0.644     0.894    boardInterface/CLK100MHZ_IBUF
    BUFGCTRL_X0Y16       BUFGCTRL (Prop_bufgctrl_I0_O)
                                                      0.026     0.920 r  boardInterface/hardwareClockBuffer.coreClockBuffer/O
                         net (fo=135, routed)         0.563     1.482    boardInterface/processor/instructionReg/CLK
    SLICE_X35Y109        FDRE                                         r  boardInterface/processor/instructionReg/instructionOut_reg[1]/C
  -------------------------------------------------------------------    -------------------
    SLICE_X35Y109        FDRE (Prop_fdre_C_Q)         0.141     1.623 r  boardInterface/processor/instructionReg/instructionOut_reg[1]/Q
                         net (fo=36, routed)          0.315     1.939    boardInterface/processor/dataRam/memory_reg_0_255_3_3/A1
    SLICE_X38Y109        RAMS64E                                      r  boardInterface/processor/dataRam/memory_reg_0_255_3_3/RAMS64E_C/ADR1
  -------------------------------------------------------------------    -------------------

                         (clock board_clock rise edge)
                                                      0.000     0.000 r  
    E3                                                0.000     0.000 r  CLK100MHZ (IN)
                         net (fo=0)                   0.000     0.000    CLK100MHZ
    E3                   IBUF (Prop_ibuf_I_O)         0.438     0.438 r  CLK100MHZ_IBUF_inst/O
                         net (fo=2, routed)           0.699     1.136    boardInterface/CLK100MHZ_IBUF
    BUFGCTRL_X0Y16       BUFGCTRL (Prop_bufgctrl_I0_O)
                                                      0.029     1.165 r  boardInterface/hardwareClockBuffer.coreClockBuffer/O
                         net (fo=135, routed)         0.833     1.998    boardInterface/processor/dataRam/memory_reg_0_255_3_3/WCLK
    SLICE_X38Y109        RAMS64E                                      r  boardInterface/processor/dataRam/memory_reg_0_255_3_3/RAMS64E_C/CLK
                         clock pessimism             -0.479     1.518    
    SLICE_X38Y109        RAMS64E (Hold_rams64e_CLK_ADR1)
                                                      0.309     1.827    boardInterface/processor/dataRam/memory_reg_0_255_3_3/RAMS64E_C
  -------------------------------------------------------------------
                         required time                         -1.827    
                         arrival time                           1.939    
  -------------------------------------------------------------------
                         slack                                  0.111    

Slack (MET) :             0.111ns  (arrival time - required time)
  Source:                 boardInterface/processor/instructionReg/instructionOut_reg[1]/C
                            (rising edge-triggered cell FDRE clocked by board_clock  {rise@0.000ns fall@5.000ns period=10.000ns})
  Destination:            boardInterface/processor/dataRam/memory_reg_0_255_3_3/RAMS64E_D/ADR1
                            (rising edge-triggered cell RAMS64E clocked by board_clock  {rise@0.000ns fall@5.000ns period=10.000ns})
  Path Group:             board_clock
  Path Type:              Hold (Min at Fast Process Corner)
  Requirement:            0.000ns  (board_clock rise@0.000ns - board_clock rise@0.000ns)
  Data Path Delay:        0.456ns  (logic 0.141ns (30.889%)  route 0.315ns (69.111%))
  Logic Levels:           0  
  Clock Path Skew:        0.036ns (DCD - SCD - CPR)
    Destination Clock Delay (DCD):    1.998ns
    Source Clock Delay      (SCD):    1.482ns
    Clock Pessimism Removal (CPR):    0.479ns

    Location             Delay type                Incr(ns)  Path(ns)    Netlist Resource(s)
  -------------------------------------------------------------------    -------------------
                         (clock board_clock rise edge)
                                                      0.000     0.000 r  
    E3                                                0.000     0.000 r  CLK100MHZ (IN)
                         net (fo=0)                   0.000     0.000    CLK100MHZ
    E3                   IBUF (Prop_ibuf_I_O)         0.250     0.250 r  CLK100MHZ_IBUF_inst/O
                         net (fo=2, routed)           0.644     0.894    boardInterface/CLK100MHZ_IBUF
    BUFGCTRL_X0Y16       BUFGCTRL (Prop_bufgctrl_I0_O)
                                                      0.026     0.920 r  boardInterface/hardwareClockBuffer.coreClockBuffer/O
                         net (fo=135, routed)         0.563     1.482    boardInterface/processor/instructionReg/CLK
    SLICE_X35Y109        FDRE                                         r  boardInterface/processor/instructionReg/instructionOut_reg[1]/C
  -------------------------------------------------------------------    -------------------
    SLICE_X35Y109        FDRE (Prop_fdre_C_Q)         0.141     1.623 r  boardInterface/processor/instructionReg/instructionOut_reg[1]/Q
                         net (fo=36, routed)          0.315     1.939    boardInterface/processor/dataRam/memory_reg_0_255_3_3/A1
    SLICE_X38Y109        RAMS64E                                      r  boardInterface/processor/dataRam/memory_reg_0_255_3_3/RAMS64E_D/ADR1
  -------------------------------------------------------------------    -------------------

                         (clock board_clock rise edge)
                                                      0.000     0.000 r  
    E3                                                0.000     0.000 r  CLK100MHZ (IN)
                         net (fo=0)                   0.000     0.000    CLK100MHZ
    E3                   IBUF (Prop_ibuf_I_O)         0.438     0.438 r  CLK100MHZ_IBUF_inst/O
                         net (fo=2, routed)           0.699     1.136    boardInterface/CLK100MHZ_IBUF
    BUFGCTRL_X0Y16       BUFGCTRL (Prop_bufgctrl_I0_O)
                                                      0.029     1.165 r  boardInterface/hardwareClockBuffer.coreClockBuffer/O
                         net (fo=135, routed)         0.833     1.998    boardInterface/processor/dataRam/memory_reg_0_255_3_3/WCLK
    SLICE_X38Y109        RAMS64E                                      r  boardInterface/processor/dataRam/memory_reg_0_255_3_3/RAMS64E_D/CLK
                         clock pessimism             -0.479     1.518    
    SLICE_X38Y109        RAMS64E (Hold_rams64e_CLK_ADR1)
                                                      0.309     1.827    boardInterface/processor/dataRam/memory_reg_0_255_3_3/RAMS64E_D
  -------------------------------------------------------------------
                         required time                         -1.827    
                         arrival time                           1.939    
  -------------------------------------------------------------------
                         slack                                  0.111    

Slack (MET) :             0.116ns  (arrival time - required time)
  Source:                 boardInterface/stepButton/debounceCounter_reg[3]/C
                            (rising edge-triggered cell FDRE clocked by board_clock  {rise@0.000ns fall@5.000ns period=10.000ns})
  Destination:            boardInterface/stepButton/debounceCounter_reg[6]/D
                            (rising edge-triggered cell FDRE clocked by board_clock  {rise@0.000ns fall@5.000ns period=10.000ns})
  Path Group:             board_clock
  Path Type:              Hold (Min at Fast Process Corner)
  Requirement:            0.000ns  (board_clock rise@0.000ns - board_clock rise@0.000ns)
  Data Path Delay:        0.486ns  (logic 0.366ns (75.313%)  route 0.120ns (24.687%))
  Logic Levels:           2  (CARRY4=2)
  Clock Path Skew:        0.265ns (DCD - SCD - CPR)
    Destination Clock Delay (DCD):    1.997ns
    Source Clock Delay      (SCD):    1.486ns
    Clock Pessimism Removal (CPR):    0.245ns

    Location             Delay type                Incr(ns)  Path(ns)    Netlist Resource(s)
  -------------------------------------------------------------------    -------------------
                         (clock board_clock rise edge)
                                                      0.000     0.000 r  
    E3                                                0.000     0.000 r  CLK100MHZ (IN)
                         net (fo=0)                   0.000     0.000    CLK100MHZ
    E3                   IBUF (Prop_ibuf_I_O)         0.250     0.250 r  CLK100MHZ_IBUF_inst/O
                         net (fo=2, routed)           0.644     0.894    CLK100MHZ_IBUF
    BUFGCTRL_X0Y17       BUFG (Prop_bufg_I_O)         0.026     0.920 r  CLK100MHZ_IBUF_BUFG_inst/O
                         net (fo=75, routed)          0.567     1.486    boardInterface/stepButton/CLK
    SLICE_X47Y99         FDRE                                         r  boardInterface/stepButton/debounceCounter_reg[3]/C
  -------------------------------------------------------------------    -------------------
    SLICE_X47Y99         FDRE (Prop_fdre_C_Q)         0.141     1.627 r  boardInterface/stepButton/debounceCounter_reg[3]/Q
                         net (fo=2, routed)           0.119     1.747    boardInterface/stepButton/debounceCounter_reg[3]
    SLICE_X47Y99         CARRY4 (Prop_carry4_S[3]_CO[3])
                                                      0.160     1.907 r  boardInterface/stepButton/debounceCounter_reg[0]_i_2/CO[3]
                         net (fo=1, routed)           0.001     1.907    boardInterface/stepButton/debounceCounter_reg[0]_i_2_n_0
    SLICE_X47Y100        CARRY4 (Prop_carry4_CI_O[2])
                                                      0.065     1.972 r  boardInterface/stepButton/debounceCounter_reg[4]_i_1/O[2]
                         net (fo=1, routed)           0.000     1.972    boardInterface/stepButton/debounceCounter_reg[4]_i_1_n_5
    SLICE_X47Y100        FDRE                                         r  boardInterface/stepButton/debounceCounter_reg[6]/D
  -------------------------------------------------------------------    -------------------

                         (clock board_clock rise edge)
                                                      0.000     0.000 r  
    E3                                                0.000     0.000 r  CLK100MHZ (IN)
                         net (fo=0)                   0.000     0.000    CLK100MHZ
    E3                   IBUF (Prop_ibuf_I_O)         0.438     0.438 r  CLK100MHZ_IBUF_inst/O
                         net (fo=2, routed)           0.699     1.136    CLK100MHZ_IBUF
    BUFGCTRL_X0Y17       BUFG (Prop_bufg_I_O)         0.029     1.165 r  CLK100MHZ_IBUF_BUFG_inst/O
                         net (fo=75, routed)          0.832     1.997    boardInterface/stepButton/CLK
    SLICE_X47Y100        FDRE                                         r  boardInterface/stepButton/debounceCounter_reg[6]/C
                         clock pessimism             -0.245     1.751    
    SLICE_X47Y100        FDRE (Hold_fdre_C_D)         0.105     1.856    boardInterface/stepButton/debounceCounter_reg[6]
  -------------------------------------------------------------------
                         required time                         -1.856    
                         arrival time                           1.972    
  -------------------------------------------------------------------
                         slack                                  0.116    

Slack (MET) :             0.128ns  (arrival time - required time)
  Source:                 boardInterface/switchSyncStage1_reg[2]/C
                            (rising edge-triggered cell FDRE clocked by board_clock  {rise@0.000ns fall@5.000ns period=10.000ns})
  Destination:            boardInterface/switchSyncStage2_reg[2]/D
                            (rising edge-triggered cell FDRE clocked by board_clock  {rise@0.000ns fall@5.000ns period=10.000ns})
  Path Group:             board_clock
  Path Type:              Hold (Min at Fast Process Corner)
  Requirement:            0.000ns  (board_clock rise@0.000ns - board_clock rise@0.000ns)
  Data Path Delay:        0.199ns  (logic 0.141ns (70.953%)  route 0.058ns (29.047%))
  Logic Levels:           0  
  Clock Path Skew:        0.000ns (DCD - SCD - CPR)
    Destination Clock Delay (DCD):    2.001ns
    Source Clock Delay      (SCD):    1.484ns
    Clock Pessimism Removal (CPR):    0.516ns

    Location             Delay type                Incr(ns)  Path(ns)    Netlist Resource(s)
  -------------------------------------------------------------------    -------------------
                         (clock board_clock rise edge)
                                                      0.000     0.000 r  
    E3                                                0.000     0.000 r  CLK100MHZ (IN)
                         net (fo=0)                   0.000     0.000    CLK100MHZ
    E3                   IBUF (Prop_ibuf_I_O)         0.250     0.250 r  CLK100MHZ_IBUF_inst/O
                         net (fo=2, routed)           0.644     0.894    CLK100MHZ_IBUF
    BUFGCTRL_X0Y17       BUFG (Prop_bufg_I_O)         0.026     0.920 r  CLK100MHZ_IBUF_BUFG_inst/O
                         net (fo=75, routed)          0.565     1.484    boardInterface/CLK
    SLICE_X32Y104        FDRE                                         r  boardInterface/switchSyncStage1_reg[2]/C
  -------------------------------------------------------------------    -------------------
    SLICE_X32Y104        FDRE (Prop_fdre_C_Q)         0.141     1.625 r  boardInterface/switchSyncStage1_reg[2]/Q
                         net (fo=1, routed)           0.058     1.683    boardInterface/switchSyncStage1[2]
    SLICE_X32Y104        FDRE                                         r  boardInterface/switchSyncStage2_reg[2]/D
  -------------------------------------------------------------------    -------------------

                         (clock board_clock rise edge)
                                                      0.000     0.000 r  
    E3                                                0.000     0.000 r  CLK100MHZ (IN)
                         net (fo=0)                   0.000     0.000    CLK100MHZ
    E3                   IBUF (Prop_ibuf_I_O)         0.438     0.438 r  CLK100MHZ_IBUF_inst/O
                         net (fo=2, routed)           0.699     1.136    CLK100MHZ_IBUF
    BUFGCTRL_X0Y17       BUFG (Prop_bufg_I_O)         0.029     1.165 r  CLK100MHZ_IBUF_BUFG_inst/O
                         net (fo=75, routed)          0.836     2.001    boardInterface/CLK
    SLICE_X32Y104        FDRE                                         r  boardInterface/switchSyncStage2_reg[2]/C
                         clock pessimism             -0.516     1.484    
    SLICE_X32Y104        FDRE (Hold_fdre_C_D)         0.071     1.555    boardInterface/switchSyncStage2_reg[2]
  -------------------------------------------------------------------
                         required time                         -1.555    
                         arrival time                           1.683    
  -------------------------------------------------------------------
                         slack                                  0.128    

Slack (MET) :             0.131ns  (arrival time - required time)
  Source:                 boardInterface/resetSyncStage1_reg/C
                            (rising edge-triggered cell FDPE clocked by board_clock  {rise@0.000ns fall@5.000ns period=10.000ns})
  Destination:            boardInterface/resetSyncStage2_reg/D
                            (rising edge-triggered cell FDPE clocked by board_clock  {rise@0.000ns fall@5.000ns period=10.000ns})
  Path Group:             board_clock
  Path Type:              Hold (Min at Fast Process Corner)
  Requirement:            0.000ns  (board_clock rise@0.000ns - board_clock rise@0.000ns)
  Data Path Delay:        0.206ns  (logic 0.141ns (68.336%)  route 0.065ns (31.664%))
  Logic Levels:           0  
  Clock Path Skew:        0.000ns (DCD - SCD - CPR)
    Destination Clock Delay (DCD):    1.997ns
    Source Clock Delay      (SCD):    1.481ns
    Clock Pessimism Removal (CPR):    0.515ns

    Location             Delay type                Incr(ns)  Path(ns)    Netlist Resource(s)
  -------------------------------------------------------------------    -------------------
                         (clock board_clock rise edge)
                                                      0.000     0.000 r  
    E3                                                0.000     0.000 r  CLK100MHZ (IN)
                         net (fo=0)                   0.000     0.000    CLK100MHZ
    E3                   IBUF (Prop_ibuf_I_O)         0.250     0.250 r  CLK100MHZ_IBUF_inst/O
                         net (fo=2, routed)           0.644     0.894    CLK100MHZ_IBUF
    BUFGCTRL_X0Y17       BUFG (Prop_bufg_I_O)         0.026     0.920 r  CLK100MHZ_IBUF_BUFG_inst/O
                         net (fo=75, routed)          0.562     1.481    boardInterface/CLK
    SLICE_X44Y104        FDPE                                         r  boardInterface/resetSyncStage1_reg/C
  -------------------------------------------------------------------    -------------------
    SLICE_X44Y104        FDPE (Prop_fdpe_C_Q)         0.141     1.622 r  boardInterface/resetSyncStage1_reg/Q
                         net (fo=1, routed)           0.065     1.688    boardInterface/resetSyncStage1
    SLICE_X44Y104        FDPE                                         r  boardInterface/resetSyncStage2_reg/D
  -------------------------------------------------------------------    -------------------

                         (clock board_clock rise edge)
                                                      0.000     0.000 r  
    E3                                                0.000     0.000 r  CLK100MHZ (IN)
                         net (fo=0)                   0.000     0.000    CLK100MHZ
    E3                   IBUF (Prop_ibuf_I_O)         0.438     0.438 r  CLK100MHZ_IBUF_inst/O
                         net (fo=2, routed)           0.699     1.136    CLK100MHZ_IBUF
    BUFGCTRL_X0Y17       BUFG (Prop_bufg_I_O)         0.029     1.165 r  CLK100MHZ_IBUF_BUFG_inst/O
                         net (fo=75, routed)          0.831     1.997    boardInterface/CLK
    SLICE_X44Y104        FDPE                                         r  boardInterface/resetSyncStage2_reg/C
                         clock pessimism             -0.515     1.481    
    SLICE_X44Y104        FDPE (Hold_fdpe_C_D)         0.075     1.556    boardInterface/resetSyncStage2_reg
  -------------------------------------------------------------------
                         required time                         -1.556    
                         arrival time                           1.688    
  -------------------------------------------------------------------
                         slack                                  0.131    





Pulse Width Checks
--------------------------------------------------------------------------------------
Clock Name:         board_clock
Waveform(ns):       { 0.000 5.000 }
Period(ns):         10.000
Sources:            { CLK100MHZ }

Check Type        Corner  Lib Pin      Reference Pin  Required(ns)  Actual(ns)  Slack(ns)  Location        Pin
Min Period        n/a     BUFG/I       n/a            2.155         10.000      7.845      BUFGCTRL_X0Y17  CLK100MHZ_IBUF_BUFG_inst/I
Min Period        n/a     BUFGCTRL/I0  n/a            2.155         10.000      7.845      BUFGCTRL_X0Y16  boardInterface/hardwareClockBuffer.coreClockBuffer/I0
Min Period        n/a     FDRE/C       n/a            1.000         10.000      9.000      SLICE_X50Y96    boardInterface/automaticCounter_reg[0]/C
Min Period        n/a     FDRE/C       n/a            1.000         10.000      9.000      SLICE_X50Y98    boardInterface/automaticCounter_reg[10]/C
Min Period        n/a     FDRE/C       n/a            1.000         10.000      9.000      SLICE_X50Y98    boardInterface/automaticCounter_reg[11]/C
Min Period        n/a     FDRE/C       n/a            1.000         10.000      9.000      SLICE_X50Y99    boardInterface/automaticCounter_reg[12]/C
Min Period        n/a     FDRE/C       n/a            1.000         10.000      9.000      SLICE_X50Y99    boardInterface/automaticCounter_reg[13]/C
Min Period        n/a     FDRE/C       n/a            1.000         10.000      9.000      SLICE_X50Y99    boardInterface/automaticCounter_reg[14]/C
Min Period        n/a     FDRE/C       n/a            1.000         10.000      9.000      SLICE_X50Y99    boardInterface/automaticCounter_reg[15]/C
Min Period        n/a     FDRE/C       n/a            1.000         10.000      9.000      SLICE_X50Y100   boardInterface/automaticCounter_reg[16]/C
Low Pulse Width   Slow    RAMS64E/CLK  n/a            1.250         5.000       3.750      SLICE_X38Y107   boardInterface/processor/dataRam/memory_reg_0_255_0_0/RAMS64E_A/CLK
Low Pulse Width   Fast    RAMS64E/CLK  n/a            1.250         5.000       3.750      SLICE_X38Y107   boardInterface/processor/dataRam/memory_reg_0_255_0_0/RAMS64E_A/CLK
Low Pulse Width   Slow    RAMS64E/CLK  n/a            1.250         5.000       3.750      SLICE_X38Y107   boardInterface/processor/dataRam/memory_reg_0_255_0_0/RAMS64E_B/CLK
Low Pulse Width   Fast    RAMS64E/CLK  n/a            1.250         5.000       3.750      SLICE_X38Y107   boardInterface/processor/dataRam/memory_reg_0_255_0_0/RAMS64E_B/CLK
Low Pulse Width   Slow    RAMS64E/CLK  n/a            1.250         5.000       3.750      SLICE_X38Y107   boardInterface/processor/dataRam/memory_reg_0_255_0_0/RAMS64E_C/CLK
Low Pulse Width   Fast    RAMS64E/CLK  n/a            1.250         5.000       3.750      SLICE_X38Y107   boardInterface/processor/dataRam/memory_reg_0_255_0_0/RAMS64E_C/CLK
Low Pulse Width   Slow    RAMS64E/CLK  n/a            1.250         5.000       3.750      SLICE_X38Y107   boardInterface/processor/dataRam/memory_reg_0_255_0_0/RAMS64E_D/CLK
Low Pulse Width   Fast    RAMS64E/CLK  n/a            1.250         5.000       3.750      SLICE_X38Y107   boardInterface/processor/dataRam/memory_reg_0_255_0_0/RAMS64E_D/CLK
Low Pulse Width   Slow    RAMS64E/CLK  n/a            1.250         5.000       3.750      SLICE_X42Y110   boardInterface/processor/dataRam/memory_reg_0_255_1_1/RAMS64E_A/CLK
Low Pulse Width   Fast    RAMS64E/CLK  n/a            1.250         5.000       3.750      SLICE_X42Y110   boardInterface/processor/dataRam/memory_reg_0_255_1_1/RAMS64E_A/CLK
High Pulse Width  Slow    RAMS64E/CLK  n/a            1.250         5.000       3.750      SLICE_X38Y107   boardInterface/processor/dataRam/memory_reg_0_255_0_0/RAMS64E_A/CLK
High Pulse Width  Fast    RAMS64E/CLK  n/a            1.250         5.000       3.750      SLICE_X38Y107   boardInterface/processor/dataRam/memory_reg_0_255_0_0/RAMS64E_A/CLK
High Pulse Width  Slow    RAMS64E/CLK  n/a            1.250         5.000       3.750      SLICE_X38Y107   boardInterface/processor/dataRam/memory_reg_0_255_0_0/RAMS64E_B/CLK
High Pulse Width  Fast    RAMS64E/CLK  n/a            1.250         5.000       3.750      SLICE_X38Y107   boardInterface/processor/dataRam/memory_reg_0_255_0_0/RAMS64E_B/CLK
High Pulse Width  Slow    RAMS64E/CLK  n/a            1.250         5.000       3.750      SLICE_X38Y107   boardInterface/processor/dataRam/memory_reg_0_255_0_0/RAMS64E_C/CLK
High Pulse Width  Fast    RAMS64E/CLK  n/a            1.250         5.000       3.750      SLICE_X38Y107   boardInterface/processor/dataRam/memory_reg_0_255_0_0/RAMS64E_C/CLK
High Pulse Width  Slow    RAMS64E/CLK  n/a            1.250         5.000       3.750      SLICE_X38Y107   boardInterface/processor/dataRam/memory_reg_0_255_0_0/RAMS64E_D/CLK
High Pulse Width  Fast    RAMS64E/CLK  n/a            1.250         5.000       3.750      SLICE_X38Y107   boardInterface/processor/dataRam/memory_reg_0_255_0_0/RAMS64E_D/CLK
High Pulse Width  Slow    RAMS64E/CLK  n/a            1.250         5.000       3.750      SLICE_X42Y110   boardInterface/processor/dataRam/memory_reg_0_255_1_1/RAMS64E_A/CLK
High Pulse Width  Fast    RAMS64E/CLK  n/a            1.250         5.000       3.750      SLICE_X42Y110   boardInterface/processor/dataRam/memory_reg_0_255_1_1/RAMS64E_A/CLK



--------------------------------------------------------------------------------------
Path Group:  (none)
From Clock:  board_clock
  To Clock:  

Max Delay            32 Endpoints
Min Delay            32 Endpoints
--------------------------------------------------------------------------------------


Max Delay Paths
--------------------------------------------------------------------------------------
Slack:                    inf
  Source:                 boardInterface/processor/instructionReg/instructionOut_reg[14]/C
                            (rising edge-triggered cell FDRE clocked by board_clock  {rise@0.000ns fall@5.000ns period=10.000ns})
  Destination:            LED[10]
                            (output port)
  Path Group:             (none)
  Path Type:              Max at Slow Process Corner
  Data Path Delay:        13.562ns  (logic 4.993ns (36.820%)  route 8.568ns (63.180%))
  Logic Levels:           6  (LUT3=1 LUT6=4 OBUF=1)
  Clock Uncertainty:      0.025ns  ((TSJ^2 + TIJ^2)^1/2 + DJ) / 2 + PE
    Total System Jitter     (TSJ):    0.050ns
    Total Input Jitter      (TIJ):    0.000ns
    Discrete Jitter          (DJ):    0.000ns
    Phase Error              (PE):    0.000ns
  Timing Exception:       False Path

    Location             Delay type                Incr(ns)  Path(ns)    Netlist Resource(s)
  -------------------------------------------------------------------    -------------------
                         (clock board_clock rise edge)
                                                      0.000     0.000 r  
    E3                                                0.000     0.000 r  CLK100MHZ (IN)
                         net (fo=0)                   0.000     0.000    CLK100MHZ
    E3                   IBUF (Prop_ibuf_I_O)         1.482     1.482 r  CLK100MHZ_IBUF_inst/O
                         net (fo=2, routed)           2.025     3.506    boardInterface/CLK100MHZ_IBUF
    BUFGCTRL_X0Y16       BUFGCTRL (Prop_bufgctrl_I0_O)
                                                      0.096     3.602 r  boardInterface/hardwareClockBuffer.coreClockBuffer/O
                         net (fo=135, routed)         1.622     5.224    boardInterface/processor/instructionReg/CLK
    SLICE_X36Y109        FDRE                                         r  boardInterface/processor/instructionReg/instructionOut_reg[14]/C
  -------------------------------------------------------------------    -------------------
    SLICE_X36Y109        FDRE (Prop_fdre_C_Q)         0.419     5.643 r  boardInterface/processor/instructionReg/instructionOut_reg[14]/Q
                         net (fo=22, routed)          1.174     6.817    boardInterface/processor/instructionReg/instructionOut_reg[15]_0[13]
    SLICE_X38Y111        LUT6 (Prop_lut6_I1_O)        0.296     7.113 r  boardInterface/processor/instructionReg/memory_reg_0_255_0_0_i_6/O
                         net (fo=16, routed)          0.787     7.900    boardInterface/processor/registerFile/registerReadAddressA__11[1]
    SLICE_X44Y111        LUT6 (Prop_lut6_I2_O)        0.124     8.024 r  boardInterface/processor/registerFile/memory_reg_0_255_2_2_i_2/O
                         net (fo=4, routed)           0.959     8.984    boardInterface/processor/registerFile/memory_reg_0_255_2_2_i_2_n_0
    SLICE_X43Y109        LUT3 (Prop_lut3_I0_O)        0.152     9.136 r  boardInterface/processor/registerFile/memory_reg_0_255_2_2_i_1/O
                         net (fo=14, routed)          0.340     9.476    boardInterface/processor/instructionReg/registerReadDataA[2]
    SLICE_X43Y108        LUT6 (Prop_lut6_I2_O)        0.326     9.802 r  boardInterface/processor/instructionReg/registers[7][2]_i_1/O
                         net (fo=9, routed)           1.177    10.979    boardInterface/processor/instructionReg/D[2]
    SLICE_X35Y108        LUT6 (Prop_lut6_I0_O)        0.124    11.103 r  boardInterface/processor/instructionReg/LED_OBUF[10]_inst_i_1/O
                         net (fo=1, routed)           4.130    15.233    LED_OBUF[10]
    U14                  OBUF (Prop_obuf_I_O)         3.552    18.786 r  LED_OBUF[10]_inst/O
                         net (fo=0)                   0.000    18.786    LED[10]
    U14                                                               r  LED[10] (OUT)
  -------------------------------------------------------------------    -------------------

Slack:                    inf
  Source:                 boardInterface/processor/instructionReg/instructionOut_reg[14]/C
                            (rising edge-triggered cell FDRE clocked by board_clock  {rise@0.000ns fall@5.000ns period=10.000ns})
  Destination:            LED[15]
                            (output port)
  Path Group:             (none)
  Path Type:              Max at Slow Process Corner
  Data Path Delay:        13.374ns  (logic 5.010ns (37.462%)  route 8.364ns (62.538%))
  Logic Levels:           6  (LUT3=1 LUT6=4 OBUF=1)
  Clock Uncertainty:      0.025ns  ((TSJ^2 + TIJ^2)^1/2 + DJ) / 2 + PE
    Total System Jitter     (TSJ):    0.050ns
    Total Input Jitter      (TIJ):    0.000ns
    Discrete Jitter          (DJ):    0.000ns
    Phase Error              (PE):    0.000ns
  Timing Exception:       False Path

    Location             Delay type                Incr(ns)  Path(ns)    Netlist Resource(s)
  -------------------------------------------------------------------    -------------------
                         (clock board_clock rise edge)
                                                      0.000     0.000 r  
    E3                                                0.000     0.000 r  CLK100MHZ (IN)
                         net (fo=0)                   0.000     0.000    CLK100MHZ
    E3                   IBUF (Prop_ibuf_I_O)         1.482     1.482 r  CLK100MHZ_IBUF_inst/O
                         net (fo=2, routed)           2.025     3.506    boardInterface/CLK100MHZ_IBUF
    BUFGCTRL_X0Y16       BUFGCTRL (Prop_bufgctrl_I0_O)
                                                      0.096     3.602 r  boardInterface/hardwareClockBuffer.coreClockBuffer/O
                         net (fo=135, routed)         1.622     5.224    boardInterface/processor/instructionReg/CLK
    SLICE_X36Y109        FDRE                                         r  boardInterface/processor/instructionReg/instructionOut_reg[14]/C
  -------------------------------------------------------------------    -------------------
    SLICE_X36Y109        FDRE (Prop_fdre_C_Q)         0.419     5.643 r  boardInterface/processor/instructionReg/instructionOut_reg[14]/Q
                         net (fo=22, routed)          1.174     6.817    boardInterface/processor/instructionReg/instructionOut_reg[15]_0[13]
    SLICE_X38Y111        LUT6 (Prop_lut6_I1_O)        0.296     7.113 r  boardInterface/processor/instructionReg/memory_reg_0_255_0_0_i_6/O
                         net (fo=16, routed)          0.746     7.859    boardInterface/processor/registerFile/registerReadAddressA__11[1]
    SLICE_X41Y112        LUT6 (Prop_lut6_I2_O)        0.124     7.983 r  boardInterface/processor/registerFile/memory_reg_0_255_7_7_i_3/O
                         net (fo=2, routed)           0.809     8.792    boardInterface/processor/registerFile/memory_reg_0_255_7_7_i_3_n_0
    SLICE_X40Y111        LUT3 (Prop_lut3_I2_O)        0.152     8.944 r  boardInterface/processor/registerFile/memory_reg_0_255_7_7_i_1/O
                         net (fo=14, routed)          0.807     9.751    boardInterface/processor/instructionReg/registerReadDataA[7]
    SLICE_X39Y108        LUT6 (Prop_lut6_I2_O)        0.326    10.077 r  boardInterface/processor/instructionReg/registers[7][7]_i_2/O
                         net (fo=9, routed)           0.692    10.769    boardInterface/processor/instructionReg/D[7]
    SLICE_X35Y108        LUT6 (Prop_lut6_I0_O)        0.124    10.893 r  boardInterface/processor/instructionReg/LED_OBUF[15]_inst_i_1/O
                         net (fo=1, routed)           4.136    15.029    LED_OBUF[15]
    V11                  OBUF (Prop_obuf_I_O)         3.569    18.598 r  LED_OBUF[15]_inst/O
                         net (fo=0)                   0.000    18.598    LED[15]
    V11                                                               r  LED[15] (OUT)
  -------------------------------------------------------------------    -------------------

Slack:                    inf
  Source:                 boardInterface/processor/instructionReg/instructionOut_reg[14]/C
                            (rising edge-triggered cell FDRE clocked by board_clock  {rise@0.000ns fall@5.000ns period=10.000ns})
  Destination:            LED[13]
                            (output port)
  Path Group:             (none)
  Path Type:              Max at Slow Process Corner
  Data Path Delay:        13.287ns  (logic 4.765ns (35.864%)  route 8.521ns (64.136%))
  Logic Levels:           6  (LUT3=1 LUT6=4 OBUF=1)
  Clock Uncertainty:      0.025ns  ((TSJ^2 + TIJ^2)^1/2 + DJ) / 2 + PE
    Total System Jitter     (TSJ):    0.050ns
    Total Input Jitter      (TIJ):    0.000ns
    Discrete Jitter          (DJ):    0.000ns
    Phase Error              (PE):    0.000ns
  Timing Exception:       False Path

    Location             Delay type                Incr(ns)  Path(ns)    Netlist Resource(s)
  -------------------------------------------------------------------    -------------------
                         (clock board_clock rise edge)
                                                      0.000     0.000 r  
    E3                                                0.000     0.000 r  CLK100MHZ (IN)
                         net (fo=0)                   0.000     0.000    CLK100MHZ
    E3                   IBUF (Prop_ibuf_I_O)         1.482     1.482 r  CLK100MHZ_IBUF_inst/O
                         net (fo=2, routed)           2.025     3.506    boardInterface/CLK100MHZ_IBUF
    BUFGCTRL_X0Y16       BUFGCTRL (Prop_bufgctrl_I0_O)
                                                      0.096     3.602 r  boardInterface/hardwareClockBuffer.coreClockBuffer/O
                         net (fo=135, routed)         1.622     5.224    boardInterface/processor/instructionReg/CLK
    SLICE_X36Y109        FDRE                                         r  boardInterface/processor/instructionReg/instructionOut_reg[14]/C
  -------------------------------------------------------------------    -------------------
    SLICE_X36Y109        FDRE (Prop_fdre_C_Q)         0.419     5.643 r  boardInterface/processor/instructionReg/instructionOut_reg[14]/Q
                         net (fo=22, routed)          1.174     6.817    boardInterface/processor/instructionReg/instructionOut_reg[15]_0[13]
    SLICE_X38Y111        LUT6 (Prop_lut6_I1_O)        0.296     7.113 r  boardInterface/processor/instructionReg/memory_reg_0_255_0_0_i_6/O
                         net (fo=16, routed)          0.641     7.754    boardInterface/processor/registerFile/registerReadAddressA__11[1]
    SLICE_X42Y112        LUT6 (Prop_lut6_I2_O)        0.124     7.878 r  boardInterface/processor/registerFile/memory_reg_0_255_5_5_i_2/O
                         net (fo=4, routed)           0.758     8.637    boardInterface/processor/registerFile/memory_reg_0_255_5_5_i_2_n_0
    SLICE_X40Y111        LUT3 (Prop_lut3_I0_O)        0.124     8.761 r  boardInterface/processor/registerFile/memory_reg_0_255_5_5_i_1/O
                         net (fo=14, routed)          0.948     9.709    boardInterface/processor/instructionReg/registerReadDataA[5]
    SLICE_X39Y107        LUT6 (Prop_lut6_I2_O)        0.124     9.833 r  boardInterface/processor/instructionReg/registers[7][5]_i_1/O
                         net (fo=9, routed)           0.870    10.702    boardInterface/processor/instructionReg/D[5]
    SLICE_X34Y107        LUT6 (Prop_lut6_I0_O)        0.124    10.826 r  boardInterface/processor/instructionReg/LED_OBUF[13]_inst_i_1/O
                         net (fo=1, routed)           4.130    14.957    LED_OBUF[13]
    V14                  OBUF (Prop_obuf_I_O)         3.554    18.511 r  LED_OBUF[13]_inst/O
                         net (fo=0)                   0.000    18.511    LED[13]
    V14                                                               r  LED[13] (OUT)
  -------------------------------------------------------------------    -------------------

Slack:                    inf
  Source:                 boardInterface/processor/instructionReg/instructionOut_reg[14]/C
                            (rising edge-triggered cell FDRE clocked by board_clock  {rise@0.000ns fall@5.000ns period=10.000ns})
  Destination:            LED[12]
                            (output port)
  Path Group:             (none)
  Path Type:              Max at Slow Process Corner
  Data Path Delay:        12.844ns  (logic 4.995ns (38.887%)  route 7.849ns (61.113%))
  Logic Levels:           6  (LUT3=1 LUT6=4 OBUF=1)
  Clock Uncertainty:      0.025ns  ((TSJ^2 + TIJ^2)^1/2 + DJ) / 2 + PE
    Total System Jitter     (TSJ):    0.050ns
    Total Input Jitter      (TIJ):    0.000ns
    Discrete Jitter          (DJ):    0.000ns
    Phase Error              (PE):    0.000ns
  Timing Exception:       False Path

    Location             Delay type                Incr(ns)  Path(ns)    Netlist Resource(s)
  -------------------------------------------------------------------    -------------------
                         (clock board_clock rise edge)
                                                      0.000     0.000 r  
    E3                                                0.000     0.000 r  CLK100MHZ (IN)
                         net (fo=0)                   0.000     0.000    CLK100MHZ
    E3                   IBUF (Prop_ibuf_I_O)         1.482     1.482 r  CLK100MHZ_IBUF_inst/O
                         net (fo=2, routed)           2.025     3.506    boardInterface/CLK100MHZ_IBUF
    BUFGCTRL_X0Y16       BUFGCTRL (Prop_bufgctrl_I0_O)
                                                      0.096     3.602 r  boardInterface/hardwareClockBuffer.coreClockBuffer/O
                         net (fo=135, routed)         1.622     5.224    boardInterface/processor/instructionReg/CLK
    SLICE_X36Y109        FDRE                                         r  boardInterface/processor/instructionReg/instructionOut_reg[14]/C
  -------------------------------------------------------------------    -------------------
    SLICE_X36Y109        FDRE (Prop_fdre_C_Q)         0.419     5.643 r  boardInterface/processor/instructionReg/instructionOut_reg[14]/Q
                         net (fo=22, routed)          1.174     6.817    boardInterface/processor/instructionReg/instructionOut_reg[15]_0[13]
    SLICE_X38Y111        LUT6 (Prop_lut6_I1_O)        0.296     7.113 r  boardInterface/processor/instructionReg/memory_reg_0_255_0_0_i_6/O
                         net (fo=16, routed)          0.791     7.904    boardInterface/processor/registerFile/registerReadAddressA__11[1]
    SLICE_X44Y111        LUT6 (Prop_lut6_I2_O)        0.124     8.028 r  boardInterface/processor/registerFile/memory_reg_0_255_4_4_i_2/O
                         net (fo=4, routed)           0.881     8.909    boardInterface/processor/registerFile/memory_reg_0_255_4_4_i_2_n_0
    SLICE_X41Y111        LUT3 (Prop_lut3_I0_O)        0.153     9.062 r  boardInterface/processor/registerFile/memory_reg_0_255_4_4_i_1/O
                         net (fo=14, routed)          0.716     9.778    boardInterface/processor/instructionReg/registerReadDataA[4]
    SLICE_X37Y110        LUT6 (Prop_lut6_I2_O)        0.327    10.105 r  boardInterface/processor/instructionReg/registers[7][4]_i_1/O
                         net (fo=9, routed)           0.538    10.643    boardInterface/processor/instructionReg/D[4]
    SLICE_X36Y110        LUT6 (Prop_lut6_I0_O)        0.124    10.767 r  boardInterface/processor/instructionReg/LED_OBUF[12]_inst_i_1/O
                         net (fo=1, routed)           3.750    14.517    LED_OBUF[12]
    V15                  OBUF (Prop_obuf_I_O)         3.552    18.068 r  LED_OBUF[12]_inst/O
                         net (fo=0)                   0.000    18.068    LED[12]
    V15                                                               r  LED[12] (OUT)
  -------------------------------------------------------------------    -------------------

Slack:                    inf
  Source:                 boardInterface/processor/instructionReg/instructionOut_reg[14]/C
                            (rising edge-triggered cell FDRE clocked by board_clock  {rise@0.000ns fall@5.000ns period=10.000ns})
  Destination:            LED[14]
                            (output port)
  Path Group:             (none)
  Path Type:              Max at Slow Process Corner
  Data Path Delay:        12.697ns  (logic 5.011ns (39.467%)  route 7.686ns (60.533%))
  Logic Levels:           6  (LUT3=1 LUT6=4 OBUF=1)
  Clock Uncertainty:      0.025ns  ((TSJ^2 + TIJ^2)^1/2 + DJ) / 2 + PE
    Total System Jitter     (TSJ):    0.050ns
    Total Input Jitter      (TIJ):    0.000ns
    Discrete Jitter          (DJ):    0.000ns
    Phase Error              (PE):    0.000ns
  Timing Exception:       False Path

    Location             Delay type                Incr(ns)  Path(ns)    Netlist Resource(s)
  -------------------------------------------------------------------    -------------------
                         (clock board_clock rise edge)
                                                      0.000     0.000 r  
    E3                                                0.000     0.000 r  CLK100MHZ (IN)
                         net (fo=0)                   0.000     0.000    CLK100MHZ
    E3                   IBUF (Prop_ibuf_I_O)         1.482     1.482 r  CLK100MHZ_IBUF_inst/O
                         net (fo=2, routed)           2.025     3.506    boardInterface/CLK100MHZ_IBUF
    BUFGCTRL_X0Y16       BUFGCTRL (Prop_bufgctrl_I0_O)
                                                      0.096     3.602 r  boardInterface/hardwareClockBuffer.coreClockBuffer/O
                         net (fo=135, routed)         1.622     5.224    boardInterface/processor/instructionReg/CLK
    SLICE_X36Y109        FDRE                                         r  boardInterface/processor/instructionReg/instructionOut_reg[14]/C
  -------------------------------------------------------------------    -------------------
    SLICE_X36Y109        FDRE (Prop_fdre_C_Q)         0.419     5.643 r  boardInterface/processor/instructionReg/instructionOut_reg[14]/Q
                         net (fo=22, routed)          1.174     6.817    boardInterface/processor/instructionReg/instructionOut_reg[15]_0[13]
    SLICE_X38Y111        LUT6 (Prop_lut6_I1_O)        0.296     7.113 r  boardInterface/processor/instructionReg/memory_reg_0_255_0_0_i_6/O
                         net (fo=16, routed)          0.668     7.782    boardInterface/processor/registerFile/registerReadAddressA__11[1]
    SLICE_X40Y111        LUT6 (Prop_lut6_I2_O)        0.124     7.906 r  boardInterface/processor/registerFile/memory_reg_0_255_6_6_i_3/O
                         net (fo=4, routed)           0.851     8.757    boardInterface/processor/registerFile/memory_reg_0_255_6_6_i_3_n_0
    SLICE_X43Y110        LUT3 (Prop_lut3_I2_O)        0.152     8.909 r  boardInterface/processor/registerFile/memory_reg_0_255_6_6_i_1/O
                         net (fo=14, routed)          0.391     9.299    boardInterface/processor/instructionReg/registerReadDataA[6]
    SLICE_X43Y108        LUT6 (Prop_lut6_I2_O)        0.326     9.625 r  boardInterface/processor/instructionReg/registers[7][6]_i_1/O
                         net (fo=9, routed)           0.500    10.126    boardInterface/processor/instructionReg/D[6]
    SLICE_X36Y108        LUT6 (Prop_lut6_I0_O)        0.124    10.250 r  boardInterface/processor/instructionReg/LED_OBUF[14]_inst_i_1/O
                         net (fo=1, routed)           4.102    14.351    LED_OBUF[14]
    V12                  OBUF (Prop_obuf_I_O)         3.570    17.922 r  LED_OBUF[14]_inst/O
                         net (fo=0)                   0.000    17.922    LED[14]
    V12                                                               r  LED[14] (OUT)
  -------------------------------------------------------------------    -------------------

Slack:                    inf
  Source:                 boardInterface/processor/instructionReg/instructionOut_reg[14]/C
                            (rising edge-triggered cell FDRE clocked by board_clock  {rise@0.000ns fall@5.000ns period=10.000ns})
  Destination:            LED[9]
                            (output port)
  Path Group:             (none)
  Path Type:              Max at Slow Process Corner
  Data Path Delay:        12.252ns  (logic 4.765ns (38.895%)  route 7.486ns (61.105%))
  Logic Levels:           6  (LUT3=1 LUT5=1 LUT6=3 OBUF=1)
  Clock Uncertainty:      0.025ns  ((TSJ^2 + TIJ^2)^1/2 + DJ) / 2 + PE
    Total System Jitter     (TSJ):    0.050ns
    Total Input Jitter      (TIJ):    0.000ns
    Discrete Jitter          (DJ):    0.000ns
    Phase Error              (PE):    0.000ns
  Timing Exception:       False Path

    Location             Delay type                Incr(ns)  Path(ns)    Netlist Resource(s)
  -------------------------------------------------------------------    -------------------
                         (clock board_clock rise edge)
                                                      0.000     0.000 r  
    E3                                                0.000     0.000 r  CLK100MHZ (IN)
                         net (fo=0)                   0.000     0.000    CLK100MHZ
    E3                   IBUF (Prop_ibuf_I_O)         1.482     1.482 r  CLK100MHZ_IBUF_inst/O
                         net (fo=2, routed)           2.025     3.506    boardInterface/CLK100MHZ_IBUF
    BUFGCTRL_X0Y16       BUFGCTRL (Prop_bufgctrl_I0_O)
                                                      0.096     3.602 r  boardInterface/hardwareClockBuffer.coreClockBuffer/O
                         net (fo=135, routed)         1.622     5.224    boardInterface/processor/instructionReg/CLK
    SLICE_X36Y109        FDRE                                         r  boardInterface/processor/instructionReg/instructionOut_reg[14]/C
  -------------------------------------------------------------------    -------------------
    SLICE_X36Y109        FDRE (Prop_fdre_C_Q)         0.419     5.643 r  boardInterface/processor/instructionReg/instructionOut_reg[14]/Q
                         net (fo=22, routed)          1.174     6.817    boardInterface/processor/instructionReg/instructionOut_reg[15]_0[13]
    SLICE_X38Y111        LUT6 (Prop_lut6_I1_O)        0.296     7.113 r  boardInterface/processor/instructionReg/memory_reg_0_255_0_0_i_6/O
                         net (fo=16, routed)          0.630     7.743    boardInterface/processor/registerFile/registerReadAddressA__11[1]
    SLICE_X42Y112        LUT6 (Prop_lut6_I2_O)        0.124     7.867 r  boardInterface/processor/registerFile/memory_reg_0_255_1_1_i_2/O
                         net (fo=5, routed)           1.011     8.879    boardInterface/processor/registerFile/memory_reg_0_255_1_1_i_2_n_0
    SLICE_X43Y109        LUT3 (Prop_lut3_I0_O)        0.124     9.003 r  boardInterface/processor/registerFile/memory_reg_0_255_1_1_i_1/O
                         net (fo=13, routed)          0.457     9.460    boardInterface/processor/instructionReg/registerReadDataA[1]
    SLICE_X41Y108        LUT6 (Prop_lut6_I2_O)        0.124     9.584 r  boardInterface/processor/instructionReg/registers[7][1]_i_1/O
                         net (fo=9, routed)           0.662    10.246    boardInterface/processor/instructionReg/D[1]
    SLICE_X32Y108        LUT5 (Prop_lut5_I0_O)        0.124    10.370 r  boardInterface/processor/instructionReg/LED_OBUF[9]_inst_i_1/O
                         net (fo=1, routed)           3.552    13.922    LED_OBUF[9]
    T15                  OBUF (Prop_obuf_I_O)         3.554    17.476 r  LED_OBUF[9]_inst/O
                         net (fo=0)                   0.000    17.476    LED[9]
    T15                                                               r  LED[9] (OUT)
  -------------------------------------------------------------------    -------------------

Slack:                    inf
  Source:                 boardInterface/processor/instructionReg/instructionOut_reg[14]/C
                            (rising edge-triggered cell FDRE clocked by board_clock  {rise@0.000ns fall@5.000ns period=10.000ns})
  Destination:            LED[8]
                            (output port)
  Path Group:             (none)
  Path Type:              Max at Slow Process Corner
  Data Path Delay:        12.222ns  (logic 4.759ns (38.935%)  route 7.463ns (61.065%))
  Logic Levels:           6  (LUT3=1 LUT5=1 LUT6=3 OBUF=1)
  Clock Uncertainty:      0.025ns  ((TSJ^2 + TIJ^2)^1/2 + DJ) / 2 + PE
    Total System Jitter     (TSJ):    0.050ns
    Total Input Jitter      (TIJ):    0.000ns
    Discrete Jitter          (DJ):    0.000ns
    Phase Error              (PE):    0.000ns
  Timing Exception:       False Path

    Location             Delay type                Incr(ns)  Path(ns)    Netlist Resource(s)
  -------------------------------------------------------------------    -------------------
                         (clock board_clock rise edge)
                                                      0.000     0.000 r  
    E3                                                0.000     0.000 r  CLK100MHZ (IN)
                         net (fo=0)                   0.000     0.000    CLK100MHZ
    E3                   IBUF (Prop_ibuf_I_O)         1.482     1.482 r  CLK100MHZ_IBUF_inst/O
                         net (fo=2, routed)           2.025     3.506    boardInterface/CLK100MHZ_IBUF
    BUFGCTRL_X0Y16       BUFGCTRL (Prop_bufgctrl_I0_O)
                                                      0.096     3.602 r  boardInterface/hardwareClockBuffer.coreClockBuffer/O
                         net (fo=135, routed)         1.622     5.224    boardInterface/processor/instructionReg/CLK
    SLICE_X36Y109        FDRE                                         r  boardInterface/processor/instructionReg/instructionOut_reg[14]/C
  -------------------------------------------------------------------    -------------------
    SLICE_X36Y109        FDRE (Prop_fdre_C_Q)         0.419     5.643 r  boardInterface/processor/instructionReg/instructionOut_reg[14]/Q
                         net (fo=22, routed)          1.174     6.817    boardInterface/processor/instructionReg/instructionOut_reg[15]_0[13]
    SLICE_X38Y111        LUT6 (Prop_lut6_I1_O)        0.296     7.113 r  boardInterface/processor/instructionReg/memory_reg_0_255_0_0_i_6/O
                         net (fo=16, routed)          0.621     7.734    boardInterface/processor/registerFile/registerReadAddressA__11[1]
    SLICE_X43Y109        LUT6 (Prop_lut6_I2_O)        0.124     7.858 r  boardInterface/processor/registerFile/memory_reg_0_255_0_0_i_3/O
                         net (fo=6, routed)           0.768     8.626    boardInterface/processor/registerFile/memory_reg_0_255_0_0_i_3_n_0
    SLICE_X41Y111        LUT3 (Prop_lut3_I0_O)        0.124     8.750 r  boardInterface/processor/registerFile/memory_reg_0_255_0_0_i_1/O
                         net (fo=12, routed)          0.625     9.376    boardInterface/processor/instructionReg/registerReadDataA[0]
    SLICE_X39Y107        LUT6 (Prop_lut6_I2_O)        0.124     9.500 r  boardInterface/processor/instructionReg/registers[7][0]_i_1/O
                         net (fo=9, routed)           0.544    10.044    boardInterface/processor/instructionReg/D[0]
    SLICE_X36Y107        LUT5 (Prop_lut5_I0_O)        0.124    10.168 r  boardInterface/processor/instructionReg/LED_OBUF[8]_inst_i_1/O
                         net (fo=1, routed)           3.731    13.899    LED_OBUF[8]
    V16                  OBUF (Prop_obuf_I_O)         3.548    17.446 r  LED_OBUF[8]_inst/O
                         net (fo=0)                   0.000    17.446    LED[8]
    V16                                                               r  LED[8] (OUT)
  -------------------------------------------------------------------    -------------------

Slack:                    inf
  Source:                 boardInterface/processor/instructionReg/instructionOut_reg[14]/C
                            (rising edge-triggered cell FDRE clocked by board_clock  {rise@0.000ns fall@5.000ns period=10.000ns})
  Destination:            LED[11]
                            (output port)
  Path Group:             (none)
  Path Type:              Max at Slow Process Corner
  Data Path Delay:        11.730ns  (logic 4.742ns (40.428%)  route 6.988ns (59.572%))
  Logic Levels:           6  (LUT3=1 LUT5=1 LUT6=3 OBUF=1)
  Clock Uncertainty:      0.025ns  ((TSJ^2 + TIJ^2)^1/2 + DJ) / 2 + PE
    Total System Jitter     (TSJ):    0.050ns
    Total Input Jitter      (TIJ):    0.000ns
    Discrete Jitter          (DJ):    0.000ns
    Phase Error              (PE):    0.000ns
  Timing Exception:       False Path

    Location             Delay type                Incr(ns)  Path(ns)    Netlist Resource(s)
  -------------------------------------------------------------------    -------------------
                         (clock board_clock rise edge)
                                                      0.000     0.000 r  
    E3                                                0.000     0.000 r  CLK100MHZ (IN)
                         net (fo=0)                   0.000     0.000    CLK100MHZ
    E3                   IBUF (Prop_ibuf_I_O)         1.482     1.482 r  CLK100MHZ_IBUF_inst/O
                         net (fo=2, routed)           2.025     3.506    boardInterface/CLK100MHZ_IBUF
    BUFGCTRL_X0Y16       BUFGCTRL (Prop_bufgctrl_I0_O)
                                                      0.096     3.602 r  boardInterface/hardwareClockBuffer.coreClockBuffer/O
                         net (fo=135, routed)         1.622     5.224    boardInterface/processor/instructionReg/CLK
    SLICE_X36Y109        FDRE                                         r  boardInterface/processor/instructionReg/instructionOut_reg[14]/C
  -------------------------------------------------------------------    -------------------
    SLICE_X36Y109        FDRE (Prop_fdre_C_Q)         0.419     5.643 r  boardInterface/processor/instructionReg/instructionOut_reg[14]/Q
                         net (fo=22, routed)          1.174     6.817    boardInterface/processor/instructionReg/instructionOut_reg[15]_0[13]
    SLICE_X38Y111        LUT6 (Prop_lut6_I1_O)        0.296     7.113 r  boardInterface/processor/instructionReg/memory_reg_0_255_0_0_i_6/O
                         net (fo=16, routed)          0.639     7.752    boardInterface/processor/registerFile/registerReadAddressA__11[1]
    SLICE_X44Y110        LUT6 (Prop_lut6_I2_O)        0.124     7.876 r  boardInterface/processor/registerFile/memory_reg_0_255_3_3_i_3/O
                         net (fo=4, routed)           0.638     8.514    boardInterface/processor/registerFile/memory_reg_0_255_3_3_i_3_n_0
    SLICE_X43Y110        LUT3 (Prop_lut3_I2_O)        0.124     8.638 r  boardInterface/processor/registerFile/memory_reg_0_255_3_3_i_1/O
                         net (fo=14, routed)          0.647     9.285    boardInterface/processor/instructionReg/registerReadDataA[3]
    SLICE_X37Y109        LUT6 (Prop_lut6_I2_O)        0.124     9.409 r  boardInterface/processor/instructionReg/registers[7][3]_i_1/O
                         net (fo=9, routed)           0.670    10.079    boardInterface/processor/instructionReg/D[3]
    SLICE_X36Y108        LUT5 (Prop_lut5_I0_O)        0.124    10.203 r  boardInterface/processor/instructionReg/LED_OBUF[11]_inst_i_1/O
                         net (fo=1, routed)           3.220    13.423    LED_OBUF[11]
    T16                  OBUF (Prop_obuf_I_O)         3.531    16.955 r  LED_OBUF[11]_inst/O
                         net (fo=0)                   0.000    16.955    LED[11]
    T16                                                               r  LED[11] (OUT)
  -------------------------------------------------------------------    -------------------

Slack:                    inf
  Source:                 boardInterface/processor/executionResult_reg[6]/C
                            (rising edge-triggered cell FDRE clocked by board_clock  {rise@0.000ns fall@5.000ns period=10.000ns})
  Destination:            CA
                            (output port)
  Path Group:             (none)
  Path Type:              Max at Slow Process Corner
  Data Path Delay:        11.465ns  (logic 4.966ns (43.313%)  route 6.499ns (56.687%))
  Logic Levels:           4  (LUT4=1 LUT6=1 MUXF7=1 OBUF=1)
  Clock Uncertainty:      0.025ns  ((TSJ^2 + TIJ^2)^1/2 + DJ) / 2 + PE
    Total System Jitter     (TSJ):    0.050ns
    Total Input Jitter      (TIJ):    0.000ns
    Discrete Jitter          (DJ):    0.000ns
    Phase Error              (PE):    0.000ns
  Timing Exception:       False Path

    Location             Delay type                Incr(ns)  Path(ns)    Netlist Resource(s)
  -------------------------------------------------------------------    -------------------
                         (clock board_clock rise edge)
                                                      0.000     0.000 r  
    E3                                                0.000     0.000 r  CLK100MHZ (IN)
                         net (fo=0)                   0.000     0.000    CLK100MHZ
    E3                   IBUF (Prop_ibuf_I_O)         1.482     1.482 r  CLK100MHZ_IBUF_inst/O
                         net (fo=2, routed)           2.025     3.506    boardInterface/CLK100MHZ_IBUF
    BUFGCTRL_X0Y16       BUFGCTRL (Prop_bufgctrl_I0_O)
                                                      0.096     3.602 r  boardInterface/hardwareClockBuffer.coreClockBuffer/O
                         net (fo=135, routed)         1.616     5.218    boardInterface/processor/CLK
    SLICE_X42Y111        FDRE                                         r  boardInterface/processor/executionResult_reg[6]/C
  -------------------------------------------------------------------    -------------------
    SLICE_X42Y111        FDRE (Prop_fdre_C_Q)         0.518     5.736 r  boardInterface/processor/executionResult_reg[6]/Q
                         net (fo=3, routed)           1.284     7.021    boardInterface/processor/instructionReg/Q[6]
    SLICE_X37Y108        LUT6 (Prop_lut6_I3_O)        0.124     7.145 r  boardInterface/processor/instructionReg/CA_OBUF_inst_i_8/O
                         net (fo=1, routed)           0.000     7.145    boardInterface/processor/instructionReg/CA_OBUF_inst_i_8_n_0
    SLICE_X37Y108        MUXF7 (Prop_muxf7_I0_O)      0.212     7.357 r  boardInterface/processor/instructionReg/CA_OBUF_inst_i_3/O
                         net (fo=7, routed)           1.169     8.526    boardInterface/processor/instructionReg/sel0[2]
    SLICE_X34Y106        LUT4 (Prop_lut4_I1_O)        0.328     8.854 r  boardInterface/processor/instructionReg/CA_OBUF_inst_i_1/O
                         net (fo=1, routed)           4.046    12.900    CA_OBUF
    T10                  OBUF (Prop_obuf_I_O)         3.784    16.684 r  CA_OBUF_inst/O
                         net (fo=0)                   0.000    16.684    CA
    T10                                                               r  CA (OUT)
  -------------------------------------------------------------------    -------------------

Slack:                    inf
  Source:                 boardInterface/processor/executionResult_reg[6]/C
                            (rising edge-triggered cell FDRE clocked by board_clock  {rise@0.000ns fall@5.000ns period=10.000ns})
  Destination:            CB
                            (output port)
  Path Group:             (none)
  Path Type:              Max at Slow Process Corner
  Data Path Delay:        11.371ns  (logic 4.708ns (41.409%)  route 6.662ns (58.591%))
  Logic Levels:           4  (LUT4=1 LUT6=1 MUXF7=1 OBUF=1)
  Clock Uncertainty:      0.025ns  ((TSJ^2 + TIJ^2)^1/2 + DJ) / 2 + PE
    Total System Jitter     (TSJ):    0.050ns
    Total Input Jitter      (TIJ):    0.000ns
    Discrete Jitter          (DJ):    0.000ns
    Phase Error              (PE):    0.000ns
  Timing Exception:       False Path

    Location             Delay type                Incr(ns)  Path(ns)    Netlist Resource(s)
  -------------------------------------------------------------------    -------------------
                         (clock board_clock rise edge)
                                                      0.000     0.000 r  
    E3                                                0.000     0.000 r  CLK100MHZ (IN)
                         net (fo=0)                   0.000     0.000    CLK100MHZ
    E3                   IBUF (Prop_ibuf_I_O)         1.482     1.482 r  CLK100MHZ_IBUF_inst/O
                         net (fo=2, routed)           2.025     3.506    boardInterface/CLK100MHZ_IBUF
    BUFGCTRL_X0Y16       BUFGCTRL (Prop_bufgctrl_I0_O)
                                                      0.096     3.602 r  boardInterface/hardwareClockBuffer.coreClockBuffer/O
                         net (fo=135, routed)         1.616     5.218    boardInterface/processor/CLK
    SLICE_X42Y111        FDRE                                         r  boardInterface/processor/executionResult_reg[6]/C
  -------------------------------------------------------------------    -------------------
    SLICE_X42Y111        FDRE (Prop_fdre_C_Q)         0.518     5.736 r  boardInterface/processor/executionResult_reg[6]/Q
                         net (fo=3, routed)           1.284     7.021    boardInterface/processor/instructionReg/Q[6]
    SLICE_X37Y108        LUT6 (Prop_lut6_I3_O)        0.124     7.145 r  boardInterface/processor/instructionReg/CA_OBUF_inst_i_8/O
                         net (fo=1, routed)           0.000     7.145    boardInterface/processor/instructionReg/CA_OBUF_inst_i_8_n_0
    SLICE_X37Y108        MUXF7 (Prop_muxf7_I0_O)      0.212     7.357 r  boardInterface/processor/instructionReg/CA_OBUF_inst_i_3/O
                         net (fo=7, routed)           1.188     8.545    boardInterface/processor/instructionReg/sel0[2]
    SLICE_X34Y106        LUT4 (Prop_lut4_I1_O)        0.299     8.844 r  boardInterface/processor/instructionReg/CB_OBUF_inst_i_1/O
                         net (fo=1, routed)           4.190    13.033    CB_OBUF
    R10                  OBUF (Prop_obuf_I_O)         3.555    16.589 r  CB_OBUF_inst/O
                         net (fo=0)                   0.000    16.589    CB
    R10                                                               r  CB (OUT)
  -------------------------------------------------------------------    -------------------





Min Delay Paths
--------------------------------------------------------------------------------------
Slack:                    inf
  Source:                 boardInterface/processor/flags/borrowFlag_reg/C
                            (rising edge-triggered cell FDRE clocked by board_clock  {rise@0.000ns fall@5.000ns period=10.000ns})
  Destination:            LED[2]
                            (output port)
  Path Group:             (none)
  Path Type:              Min at Fast Process Corner
  Data Path Delay:        2.278ns  (logic 1.439ns (63.187%)  route 0.839ns (36.813%))
  Logic Levels:           2  (LUT5=1 OBUF=1)
  Clock Uncertainty:      0.025ns  ((TSJ^2 + TIJ^2)^1/2 + DJ) / 2 + PE
    Total System Jitter     (TSJ):    0.050ns
    Total Input Jitter      (TIJ):    0.000ns
    Discrete Jitter          (DJ):    0.000ns
    Phase Error              (PE):    0.000ns
  Timing Exception:       False Path

    Location             Delay type                Incr(ns)  Path(ns)    Netlist Resource(s)
  -------------------------------------------------------------------    -------------------
                         (clock board_clock rise edge)
                                                      0.000     0.000 r  
    E3                                                0.000     0.000 r  CLK100MHZ (IN)
                         net (fo=0)                   0.000     0.000    CLK100MHZ
    E3                   IBUF (Prop_ibuf_I_O)         0.250     0.250 r  CLK100MHZ_IBUF_inst/O
                         net (fo=2, routed)           0.644     0.894    boardInterface/CLK100MHZ_IBUF
    BUFGCTRL_X0Y16       BUFGCTRL (Prop_bufgctrl_I0_O)
                                                      0.026     0.920 r  boardInterface/hardwareClockBuffer.coreClockBuffer/O
                         net (fo=135, routed)         0.562     1.481    boardInterface/processor/flags/CLK
    SLICE_X36Y110        FDRE                                         r  boardInterface/processor/flags/borrowFlag_reg/C
  -------------------------------------------------------------------    -------------------
    SLICE_X36Y110        FDRE (Prop_fdre_C_Q)         0.141     1.622 r  boardInterface/processor/flags/borrowFlag_reg/Q
                         net (fo=2, routed)           0.112     1.734    boardInterface/processor/flags/borrowFlag
    SLICE_X35Y110        LUT5 (Prop_lut5_I0_O)        0.045     1.779 r  boardInterface/processor/flags/LED_OBUF[2]_inst_i_1/O
                         net (fo=1, routed)           0.727     2.506    LED_OBUF[2]
    J13                  OBUF (Prop_obuf_I_O)         1.253     3.759 r  LED_OBUF[2]_inst/O
                         net (fo=0)                   0.000     3.759    LED[2]
    J13                                                               r  LED[2] (OUT)
  -------------------------------------------------------------------    -------------------

Slack:                    inf
  Source:                 boardInterface/processor/instructionReg/instructionOut_reg[0]/C
                            (rising edge-triggered cell FDRE clocked by board_clock  {rise@0.000ns fall@5.000ns period=10.000ns})
  Destination:            LED[0]
                            (output port)
  Path Group:             (none)
  Path Type:              Min at Fast Process Corner
  Data Path Delay:        2.302ns  (logic 1.407ns (61.126%)  route 0.895ns (38.874%))
  Logic Levels:           2  (LUT5=1 OBUF=1)
  Clock Uncertainty:      0.025ns  ((TSJ^2 + TIJ^2)^1/2 + DJ) / 2 + PE
    Total System Jitter     (TSJ):    0.050ns
    Total Input Jitter      (TIJ):    0.000ns
    Discrete Jitter          (DJ):    0.000ns
    Phase Error              (PE):    0.000ns
  Timing Exception:       False Path

    Location             Delay type                Incr(ns)  Path(ns)    Netlist Resource(s)
  -------------------------------------------------------------------    -------------------
                         (clock board_clock rise edge)
                                                      0.000     0.000 r  
    E3                                                0.000     0.000 r  CLK100MHZ (IN)
                         net (fo=0)                   0.000     0.000    CLK100MHZ
    E3                   IBUF (Prop_ibuf_I_O)         0.250     0.250 r  CLK100MHZ_IBUF_inst/O
                         net (fo=2, routed)           0.644     0.894    boardInterface/CLK100MHZ_IBUF
    BUFGCTRL_X0Y16       BUFGCTRL (Prop_bufgctrl_I0_O)
                                                      0.026     0.920 r  boardInterface/hardwareClockBuffer.coreClockBuffer/O
                         net (fo=135, routed)         0.563     1.482    boardInterface/processor/instructionReg/CLK
    SLICE_X35Y109        FDRE                                         r  boardInterface/processor/instructionReg/instructionOut_reg[0]/C
  -------------------------------------------------------------------    -------------------
    SLICE_X35Y109        FDRE (Prop_fdre_C_Q)         0.141     1.623 r  boardInterface/processor/instructionReg/instructionOut_reg[0]/Q
                         net (fo=36, routed)          0.168     1.792    boardInterface/processor/flags/LED[2]_0[0]
    SLICE_X35Y109        LUT5 (Prop_lut5_I4_O)        0.045     1.837 r  boardInterface/processor/flags/LED_OBUF[0]_inst_i_1/O
                         net (fo=1, routed)           0.727     2.563    LED_OBUF[0]
    H17                  OBUF (Prop_obuf_I_O)         1.221     3.785 r  LED_OBUF[0]_inst/O
                         net (fo=0)                   0.000     3.785    LED[0]
    H17                                                               r  LED[0] (OUT)
  -------------------------------------------------------------------    -------------------

Slack:                    inf
  Source:                 boardInterface/switchSyncStage2_reg[1]/C
                            (rising edge-triggered cell FDRE clocked by board_clock  {rise@0.000ns fall@5.000ns period=10.000ns})
  Destination:            LED[1]
                            (output port)
  Path Group:             (none)
  Path Type:              Min at Fast Process Corner
  Data Path Delay:        2.469ns  (logic 1.463ns (59.249%)  route 1.006ns (40.751%))
  Logic Levels:           2  (LUT5=1 OBUF=1)
  Clock Uncertainty:      0.025ns  ((TSJ^2 + TIJ^2)^1/2 + DJ) / 2 + PE
    Total System Jitter     (TSJ):    0.050ns
    Total Input Jitter      (TIJ):    0.000ns
    Discrete Jitter          (DJ):    0.000ns
    Phase Error              (PE):    0.000ns
  Timing Exception:       False Path

    Location             Delay type                Incr(ns)  Path(ns)    Netlist Resource(s)
  -------------------------------------------------------------------    -------------------
                         (clock board_clock rise edge)
                                                      0.000     0.000 r  
    E3                                                0.000     0.000 r  CLK100MHZ (IN)
                         net (fo=0)                   0.000     0.000    CLK100MHZ
    E3                   IBUF (Prop_ibuf_I_O)         0.250     0.250 r  CLK100MHZ_IBUF_inst/O
                         net (fo=2, routed)           0.644     0.894    CLK100MHZ_IBUF
    BUFGCTRL_X0Y17       BUFG (Prop_bufg_I_O)         0.026     0.920 r  CLK100MHZ_IBUF_BUFG_inst/O
                         net (fo=75, routed)          0.565     1.484    boardInterface/CLK
    SLICE_X32Y104        FDRE                                         r  boardInterface/switchSyncStage2_reg[1]/C
  -------------------------------------------------------------------    -------------------
    SLICE_X32Y104        FDRE (Prop_fdre_C_Q)         0.128     1.612 r  boardInterface/switchSyncStage2_reg[1]/Q
                         net (fo=16, routed)          0.230     1.843    boardInterface/processor/flags/LED[2][0]
    SLICE_X32Y108        LUT5 (Prop_lut5_I1_O)        0.099     1.942 r  boardInterface/processor/flags/LED_OBUF[1]_inst_i_1/O
                         net (fo=1, routed)           0.776     2.718    LED_OBUF[1]
    K15                  OBUF (Prop_obuf_I_O)         1.236     3.954 r  LED_OBUF[1]_inst/O
                         net (fo=0)                   0.000     3.954    LED[1]
    K15                                                               r  LED[1] (OUT)
  -------------------------------------------------------------------    -------------------

Slack:                    inf
  Source:                 boardInterface/displayDriver/refreshCounter_reg[16]/C
                            (rising edge-triggered cell FDRE clocked by board_clock  {rise@0.000ns fall@5.000ns period=10.000ns})
  Destination:            AN[1]
                            (output port)
  Path Group:             (none)
  Path Type:              Min at Fast Process Corner
  Data Path Delay:        2.491ns  (logic 1.422ns (57.105%)  route 1.068ns (42.895%))
  Logic Levels:           2  (LUT3=1 OBUF=1)
  Clock Uncertainty:      0.025ns  ((TSJ^2 + TIJ^2)^1/2 + DJ) / 2 + PE
    Total System Jitter     (TSJ):    0.050ns
    Total Input Jitter      (TIJ):    0.000ns
    Discrete Jitter          (DJ):    0.000ns
    Phase Error              (PE):    0.000ns
  Timing Exception:       False Path

    Location             Delay type                Incr(ns)  Path(ns)    Netlist Resource(s)
  -------------------------------------------------------------------    -------------------
                         (clock board_clock rise edge)
                                                      0.000     0.000 r  
    E3                                                0.000     0.000 r  CLK100MHZ (IN)
                         net (fo=0)                   0.000     0.000    CLK100MHZ
    E3                   IBUF (Prop_ibuf_I_O)         0.250     0.250 r  CLK100MHZ_IBUF_inst/O
                         net (fo=2, routed)           0.644     0.894    CLK100MHZ_IBUF
    BUFGCTRL_X0Y17       BUFG (Prop_bufg_I_O)         0.026     0.920 r  CLK100MHZ_IBUF_BUFG_inst/O
                         net (fo=75, routed)          0.564     1.483    boardInterface/displayDriver/CLK
    SLICE_X36Y106        FDRE                                         r  boardInterface/displayDriver/refreshCounter_reg[16]/C
  -------------------------------------------------------------------    -------------------
    SLICE_X36Y106        FDRE (Prop_fdre_C_Q)         0.141     1.624 r  boardInterface/displayDriver/refreshCounter_reg[16]/Q
                         net (fo=13, routed)          0.413     2.038    boardInterface/displayDriver/digitSelect[2]
    SLICE_X30Y103        LUT3 (Prop_lut3_I0_O)        0.045     2.083 r  boardInterface/displayDriver/AN_OBUF[1]_inst_i_1/O
                         net (fo=1, routed)           0.655     2.738    AN_OBUF[1]
    J18                  OBUF (Prop_obuf_I_O)         1.236     3.974 r  AN_OBUF[1]_inst/O
                         net (fo=0)                   0.000     3.974    AN[1]
    J18                                                               r  AN[1] (OUT)
  -------------------------------------------------------------------    -------------------

Slack:                    inf
  Source:                 boardInterface/displayDriver/refreshCounter_reg[15]/C
                            (rising edge-triggered cell FDRE clocked by board_clock  {rise@0.000ns fall@5.000ns period=10.000ns})
  Destination:            AN[3]
                            (output port)
  Path Group:             (none)
  Path Type:              Min at Fast Process Corner
  Data Path Delay:        2.497ns  (logic 1.439ns (57.621%)  route 1.058ns (42.379%))
  Logic Levels:           2  (LUT3=1 OBUF=1)
  Clock Uncertainty:      0.025ns  ((TSJ^2 + TIJ^2)^1/2 + DJ) / 2 + PE
    Total System Jitter     (TSJ):    0.050ns
    Total Input Jitter      (TIJ):    0.000ns
    Discrete Jitter          (DJ):    0.000ns
    Phase Error              (PE):    0.000ns
  Timing Exception:       False Path

    Location             Delay type                Incr(ns)  Path(ns)    Netlist Resource(s)
  -------------------------------------------------------------------    -------------------
                         (clock board_clock rise edge)
                                                      0.000     0.000 r  
    E3                                                0.000     0.000 r  CLK100MHZ (IN)
                         net (fo=0)                   0.000     0.000    CLK100MHZ
    E3                   IBUF (Prop_ibuf_I_O)         0.250     0.250 r  CLK100MHZ_IBUF_inst/O
                         net (fo=2, routed)           0.644     0.894    CLK100MHZ_IBUF
    BUFGCTRL_X0Y17       BUFG (Prop_bufg_I_O)         0.026     0.920 r  CLK100MHZ_IBUF_BUFG_inst/O
                         net (fo=75, routed)          0.564     1.483    boardInterface/displayDriver/CLK
    SLICE_X36Y105        FDRE                                         r  boardInterface/displayDriver/refreshCounter_reg[15]/C
  -------------------------------------------------------------------    -------------------
    SLICE_X36Y105        FDRE (Prop_fdre_C_Q)         0.141     1.624 f  boardInterface/displayDriver/refreshCounter_reg[15]/Q
                         net (fo=18, routed)          0.343     1.968    boardInterface/displayDriver/digitSelect[1]
    SLICE_X30Y107        LUT3 (Prop_lut3_I2_O)        0.045     2.013 r  boardInterface/displayDriver/AN_OBUF[3]_inst_i_1/O
                         net (fo=1, routed)           0.715     2.728    AN_OBUF[3]
    J14                  OBUF (Prop_obuf_I_O)         1.253     3.980 r  AN_OBUF[3]_inst/O
                         net (fo=0)                   0.000     3.980    AN[3]
    J14                                                               r  AN[3] (OUT)
  -------------------------------------------------------------------    -------------------

Slack:                    inf
  Source:                 boardInterface/displayDriver/refreshCounter_reg[14]/C
                            (rising edge-triggered cell FDRE clocked by board_clock  {rise@0.000ns fall@5.000ns period=10.000ns})
  Destination:            DP
                            (output port)
  Path Group:             (none)
  Path Type:              Min at Fast Process Corner
  Data Path Delay:        2.502ns  (logic 1.426ns (56.974%)  route 1.077ns (43.026%))
  Logic Levels:           2  (LUT2=1 OBUF=1)
  Clock Uncertainty:      0.025ns  ((TSJ^2 + TIJ^2)^1/2 + DJ) / 2 + PE
    Total System Jitter     (TSJ):    0.050ns
    Total Input Jitter      (TIJ):    0.000ns
    Discrete Jitter          (DJ):    0.000ns
    Phase Error              (PE):    0.000ns
  Timing Exception:       False Path

    Location             Delay type                Incr(ns)  Path(ns)    Netlist Resource(s)
  -------------------------------------------------------------------    -------------------
                         (clock board_clock rise edge)
                                                      0.000     0.000 r  
    E3                                                0.000     0.000 r  CLK100MHZ (IN)
                         net (fo=0)                   0.000     0.000    CLK100MHZ
    E3                   IBUF (Prop_ibuf_I_O)         0.250     0.250 r  CLK100MHZ_IBUF_inst/O
                         net (fo=2, routed)           0.644     0.894    CLK100MHZ_IBUF
    BUFGCTRL_X0Y17       BUFG (Prop_bufg_I_O)         0.026     0.920 r  CLK100MHZ_IBUF_BUFG_inst/O
                         net (fo=75, routed)          0.564     1.483    boardInterface/displayDriver/CLK
    SLICE_X36Y105        FDRE                                         r  boardInterface/displayDriver/refreshCounter_reg[14]/C
  -------------------------------------------------------------------    -------------------
    SLICE_X36Y105        FDRE (Prop_fdre_C_Q)         0.141     1.624 r  boardInterface/displayDriver/refreshCounter_reg[14]/Q
                         net (fo=18, routed)          0.361     1.985    boardInterface/displayDriver/digitSelect[0]
    SLICE_X30Y108        LUT2 (Prop_lut2_I0_O)        0.045     2.030 r  boardInterface/displayDriver/DP_OBUF_inst_i_1/O
                         net (fo=1, routed)           0.716     2.746    DP_OBUF
    H15                  OBUF (Prop_obuf_I_O)         1.240     3.986 r  DP_OBUF_inst/O
                         net (fo=0)                   0.000     3.986    DP
    H15                                                               r  DP (OUT)
  -------------------------------------------------------------------    -------------------

Slack:                    inf
  Source:                 boardInterface/processor/executionResult_reg[3]/C
                            (rising edge-triggered cell FDRE clocked by board_clock  {rise@0.000ns fall@5.000ns period=10.000ns})
  Destination:            LED[11]
                            (output port)
  Path Group:             (none)
  Path Type:              Min at Fast Process Corner
  Data Path Delay:        2.611ns  (logic 1.418ns (54.322%)  route 1.192ns (45.678%))
  Logic Levels:           2  (LUT5=1 OBUF=1)
  Clock Uncertainty:      0.025ns  ((TSJ^2 + TIJ^2)^1/2 + DJ) / 2 + PE
    Total System Jitter     (TSJ):    0.050ns
    Total Input Jitter      (TIJ):    0.000ns
    Discrete Jitter          (DJ):    0.000ns
    Phase Error              (PE):    0.000ns
  Timing Exception:       False Path

    Location             Delay type                Incr(ns)  Path(ns)    Netlist Resource(s)
  -------------------------------------------------------------------    -------------------
                         (clock board_clock rise edge)
                                                      0.000     0.000 r  
    E3                                                0.000     0.000 r  CLK100MHZ (IN)
                         net (fo=0)                   0.000     0.000    CLK100MHZ
    E3                   IBUF (Prop_ibuf_I_O)         0.250     0.250 r  CLK100MHZ_IBUF_inst/O
                         net (fo=2, routed)           0.644     0.894    boardInterface/CLK100MHZ_IBUF
    BUFGCTRL_X0Y16       BUFGCTRL (Prop_bufgctrl_I0_O)
                                                      0.026     0.920 r  boardInterface/hardwareClockBuffer.coreClockBuffer/O
                         net (fo=135, routed)         0.563     1.482    boardInterface/processor/CLK
    SLICE_X37Y109        FDRE                                         r  boardInterface/processor/executionResult_reg[3]/C
  -------------------------------------------------------------------    -------------------
    SLICE_X37Y109        FDRE (Prop_fdre_C_Q)         0.141     1.623 r  boardInterface/processor/executionResult_reg[3]/Q
                         net (fo=3, routed)           0.194     1.818    boardInterface/processor/instructionReg/Q[3]
    SLICE_X36Y108        LUT5 (Prop_lut5_I1_O)        0.045     1.863 r  boardInterface/processor/instructionReg/LED_OBUF[11]_inst_i_1/O
                         net (fo=1, routed)           0.998     2.861    LED_OBUF[11]
    T16                  OBUF (Prop_obuf_I_O)         1.232     4.093 r  LED_OBUF[11]_inst/O
                         net (fo=0)                   0.000     4.093    LED[11]
    T16                                                               r  LED[11] (OUT)
  -------------------------------------------------------------------    -------------------

Slack:                    inf
  Source:                 boardInterface/processor/instructionReg/instructionOut_reg[4]/C
                            (rising edge-triggered cell FDRE clocked by board_clock  {rise@0.000ns fall@5.000ns period=10.000ns})
  Destination:            LED[4]
                            (output port)
  Path Group:             (none)
  Path Type:              Min at Fast Process Corner
  Data Path Delay:        2.625ns  (logic 1.478ns (56.310%)  route 1.147ns (43.690%))
  Logic Levels:           2  (LUT5=1 OBUF=1)
  Clock Uncertainty:      0.025ns  ((TSJ^2 + TIJ^2)^1/2 + DJ) / 2 + PE
    Total System Jitter     (TSJ):    0.050ns
    Total Input Jitter      (TIJ):    0.000ns
    Discrete Jitter          (DJ):    0.000ns
    Phase Error              (PE):    0.000ns
  Timing Exception:       False Path

    Location             Delay type                Incr(ns)  Path(ns)    Netlist Resource(s)
  -------------------------------------------------------------------    -------------------
                         (clock board_clock rise edge)
                                                      0.000     0.000 r  
    E3                                                0.000     0.000 r  CLK100MHZ (IN)
                         net (fo=0)                   0.000     0.000    CLK100MHZ
    E3                   IBUF (Prop_ibuf_I_O)         0.250     0.250 r  CLK100MHZ_IBUF_inst/O
                         net (fo=2, routed)           0.644     0.894    boardInterface/CLK100MHZ_IBUF
    BUFGCTRL_X0Y16       BUFGCTRL (Prop_bufgctrl_I0_O)
                                                      0.026     0.920 r  boardInterface/hardwareClockBuffer.coreClockBuffer/O
                         net (fo=135, routed)         0.563     1.482    boardInterface/processor/instructionReg/CLK
    SLICE_X35Y109        FDRE                                         r  boardInterface/processor/instructionReg/instructionOut_reg[4]/C
  -------------------------------------------------------------------    -------------------
    SLICE_X35Y109        FDRE (Prop_fdre_C_Q)         0.128     1.610 r  boardInterface/processor/instructionReg/instructionOut_reg[4]/Q
                         net (fo=44, routed)          0.204     1.815    boardInterface/processor/instructionReg/instructionOut_reg[15]_0[4]
    SLICE_X34Y107        LUT5 (Prop_lut5_I4_O)        0.098     1.913 r  boardInterface/processor/instructionReg/LED_OBUF[4]_inst_i_1/O
                         net (fo=1, routed)           0.943     2.856    LED_OBUF[4]
    R18                  OBUF (Prop_obuf_I_O)         1.252     4.108 r  LED_OBUF[4]_inst/O
                         net (fo=0)                   0.000     4.108    LED[4]
    R18                                                               r  LED[4] (OUT)
  -------------------------------------------------------------------    -------------------

Slack:                    inf
  Source:                 boardInterface/displayDriver/refreshCounter_reg[15]/C
                            (rising edge-triggered cell FDRE clocked by board_clock  {rise@0.000ns fall@5.000ns period=10.000ns})
  Destination:            AN[0]
                            (output port)
  Path Group:             (none)
  Path Type:              Min at Fast Process Corner
  Data Path Delay:        2.630ns  (logic 1.497ns (56.931%)  route 1.133ns (43.069%))
  Logic Levels:           2  (LUT3=1 OBUF=1)
  Clock Uncertainty:      0.025ns  ((TSJ^2 + TIJ^2)^1/2 + DJ) / 2 + PE
    Total System Jitter     (TSJ):    0.050ns
    Total Input Jitter      (TIJ):    0.000ns
    Discrete Jitter          (DJ):    0.000ns
    Phase Error              (PE):    0.000ns
  Timing Exception:       False Path

    Location             Delay type                Incr(ns)  Path(ns)    Netlist Resource(s)
  -------------------------------------------------------------------    -------------------
                         (clock board_clock rise edge)
                                                      0.000     0.000 r  
    E3                                                0.000     0.000 r  CLK100MHZ (IN)
                         net (fo=0)                   0.000     0.000    CLK100MHZ
    E3                   IBUF (Prop_ibuf_I_O)         0.250     0.250 r  CLK100MHZ_IBUF_inst/O
                         net (fo=2, routed)           0.644     0.894    CLK100MHZ_IBUF
    BUFGCTRL_X0Y17       BUFG (Prop_bufg_I_O)         0.026     0.920 r  CLK100MHZ_IBUF_BUFG_inst/O
                         net (fo=75, routed)          0.564     1.483    boardInterface/displayDriver/CLK
    SLICE_X36Y105        FDRE                                         r  boardInterface/displayDriver/refreshCounter_reg[15]/C
  -------------------------------------------------------------------    -------------------
    SLICE_X36Y105        FDRE (Prop_fdre_C_Q)         0.141     1.624 r  boardInterface/displayDriver/refreshCounter_reg[15]/Q
                         net (fo=18, routed)          0.481     2.106    boardInterface/displayDriver/digitSelect[1]
    SLICE_X30Y103        LUT3 (Prop_lut3_I2_O)        0.047     2.153 r  boardInterface/displayDriver/AN_OBUF[0]_inst_i_1/O
                         net (fo=1, routed)           0.652     2.804    AN_OBUF[0]
    J17                  OBUF (Prop_obuf_I_O)         1.309     4.114 r  AN_OBUF[0]_inst/O
                         net (fo=0)                   0.000     4.114    AN[0]
    J17                                                               r  AN[0] (OUT)
  -------------------------------------------------------------------    -------------------

Slack:                    inf
  Source:                 boardInterface/displayDriver/refreshCounter_reg[16]/C
                            (rising edge-triggered cell FDRE clocked by board_clock  {rise@0.000ns fall@5.000ns period=10.000ns})
  Destination:            CC
                            (output port)
  Path Group:             (none)
  Path Type:              Min at Fast Process Corner
  Data Path Delay:        2.706ns  (logic 1.528ns (56.470%)  route 1.178ns (43.530%))
  Logic Levels:           3  (LUT4=1 MUXF7=1 OBUF=1)
  Clock Uncertainty:      0.025ns  ((TSJ^2 + TIJ^2)^1/2 + DJ) / 2 + PE
    Total System Jitter     (TSJ):    0.050ns
    Total Input Jitter      (TIJ):    0.000ns
    Discrete Jitter          (DJ):    0.000ns
    Phase Error              (PE):    0.000ns
  Timing Exception:       False Path

    Location             Delay type                Incr(ns)  Path(ns)    Netlist Resource(s)
  -------------------------------------------------------------------    -------------------
                         (clock board_clock rise edge)
                                                      0.000     0.000 r  
    E3                                                0.000     0.000 r  CLK100MHZ (IN)
                         net (fo=0)                   0.000     0.000    CLK100MHZ
    E3                   IBUF (Prop_ibuf_I_O)         0.250     0.250 r  CLK100MHZ_IBUF_inst/O
                         net (fo=2, routed)           0.644     0.894    CLK100MHZ_IBUF
    BUFGCTRL_X0Y17       BUFG (Prop_bufg_I_O)         0.026     0.920 r  CLK100MHZ_IBUF_BUFG_inst/O
                         net (fo=75, routed)          0.564     1.483    boardInterface/displayDriver/CLK
    SLICE_X36Y106        FDRE                                         r  boardInterface/displayDriver/refreshCounter_reg[16]/C
  -------------------------------------------------------------------    -------------------
    SLICE_X36Y106        FDRE (Prop_fdre_C_Q)         0.141     1.624 r  boardInterface/displayDriver/refreshCounter_reg[16]/Q
                         net (fo=13, routed)          0.142     1.767    boardInterface/processor/instructionReg/digitSelect[2]
    SLICE_X37Y108        MUXF7 (Prop_muxf7_S_O)       0.085     1.852 r  boardInterface/processor/instructionReg/CA_OBUF_inst_i_3/O
                         net (fo=7, routed)           0.286     2.138    boardInterface/processor/instructionReg/sel0[2]
    SLICE_X34Y106        LUT4 (Prop_lut4_I3_O)        0.108     2.246 r  boardInterface/processor/instructionReg/CC_OBUF_inst_i_1/O
                         net (fo=1, routed)           0.750     2.996    CC_OBUF
    K16                  OBUF (Prop_obuf_I_O)         1.194     4.190 r  CC_OBUF_inst/O
                         net (fo=0)                   0.000     4.190    CC
    K16                                                               r  CC (OUT)
  -------------------------------------------------------------------    -------------------





--------------------------------------------------------------------------------------
Path Group:  (none)
From Clock:  
  To Clock:  board_clock

Max Delay             6 Endpoints
Min Delay             6 Endpoints
--------------------------------------------------------------------------------------


Max Delay Paths
--------------------------------------------------------------------------------------
Slack:                    inf
  Source:                 CPU_RESETN
                            (input port)
  Destination:            boardInterface/resetSyncStage1_reg/PRE
                            (recovery check against rising-edge clock board_clock  {rise@0.000ns fall@5.000ns period=10.000ns})
  Path Group:             (none)
  Path Type:              Recovery (Max at Slow Process Corner)
  Data Path Delay:        5.392ns  (logic 1.631ns (30.248%)  route 3.761ns (69.752%))
  Logic Levels:           2  (IBUF=1 LUT1=1)
  Clock Path Skew:        4.921ns (DCD - SCD + CPR)
    Destination Clock Delay (DCD):    4.921ns
    Source Clock Delay      (SCD):    0.000ns
    Clock Pessimism Removal (CPR):    0.000ns
  Clock Uncertainty:      0.025ns  ((TSJ^2 + TIJ^2)^1/2 + DJ) / 2 + PE
    Total System Jitter     (TSJ):    0.050ns
    Total Input Jitter      (TIJ):    0.000ns
    Discrete Jitter          (DJ):    0.000ns
    Phase Error              (PE):    0.000ns
  Timing Exception:       False Path

    Location             Delay type                Incr(ns)  Path(ns)    Netlist Resource(s)
  -------------------------------------------------------------------    -------------------
    C12                                               0.000     0.000 r  CPU_RESETN (IN)
                         net (fo=0)                   0.000     0.000    CPU_RESETN
    C12                  IBUF (Prop_ibuf_I_O)         1.507     1.507 r  CPU_RESETN_IBUF_inst/O
                         net (fo=1, routed)           3.229     4.736    boardInterface/CPU_RESETN_IBUF
    SLICE_X44Y104        LUT1 (Prop_lut1_I0_O)        0.124     4.860 f  boardInterface/resetSyncStage1_i_1/O
                         net (fo=2, routed)           0.532     5.392    boardInterface/resetSyncStage1_i_1_n_0
    SLICE_X44Y104        FDPE                                         f  boardInterface/resetSyncStage1_reg/PRE
  -------------------------------------------------------------------    -------------------

                         (clock board_clock rise edge)
                                                      0.000     0.000 r  
    E3                                                0.000     0.000 r  CLK100MHZ (IN)
                         net (fo=0)                   0.000     0.000    CLK100MHZ
    E3                   IBUF (Prop_ibuf_I_O)         1.411     1.411 r  CLK100MHZ_IBUF_inst/O
                         net (fo=2, routed)           1.920     3.331    CLK100MHZ_IBUF
    BUFGCTRL_X0Y17       BUFG (Prop_bufg_I_O)         0.091     3.422 r  CLK100MHZ_IBUF_BUFG_inst/O
                         net (fo=75, routed)          1.499     4.921    boardInterface/CLK
    SLICE_X44Y104        FDPE                                         r  boardInterface/resetSyncStage1_reg/C

Slack:                    inf
  Source:                 CPU_RESETN
                            (input port)
  Destination:            boardInterface/resetSyncStage2_reg/PRE
                            (recovery check against rising-edge clock board_clock  {rise@0.000ns fall@5.000ns period=10.000ns})
  Path Group:             (none)
  Path Type:              Recovery (Max at Slow Process Corner)
  Data Path Delay:        5.392ns  (logic 1.631ns (30.248%)  route 3.761ns (69.752%))
  Logic Levels:           2  (IBUF=1 LUT1=1)
  Clock Path Skew:        4.921ns (DCD - SCD + CPR)
    Destination Clock Delay (DCD):    4.921ns
    Source Clock Delay      (SCD):    0.000ns
    Clock Pessimism Removal (CPR):    0.000ns
  Clock Uncertainty:      0.025ns  ((TSJ^2 + TIJ^2)^1/2 + DJ) / 2 + PE
    Total System Jitter     (TSJ):    0.050ns
    Total Input Jitter      (TIJ):    0.000ns
    Discrete Jitter          (DJ):    0.000ns
    Phase Error              (PE):    0.000ns
  Timing Exception:       False Path

    Location             Delay type                Incr(ns)  Path(ns)    Netlist Resource(s)
  -------------------------------------------------------------------    -------------------
    C12                                               0.000     0.000 r  CPU_RESETN (IN)
                         net (fo=0)                   0.000     0.000    CPU_RESETN
    C12                  IBUF (Prop_ibuf_I_O)         1.507     1.507 r  CPU_RESETN_IBUF_inst/O
                         net (fo=1, routed)           3.229     4.736    boardInterface/CPU_RESETN_IBUF
    SLICE_X44Y104        LUT1 (Prop_lut1_I0_O)        0.124     4.860 f  boardInterface/resetSyncStage1_i_1/O
                         net (fo=2, routed)           0.532     5.392    boardInterface/resetSyncStage1_i_1_n_0
    SLICE_X44Y104        FDPE                                         f  boardInterface/resetSyncStage2_reg/PRE
  -------------------------------------------------------------------    -------------------

                         (clock board_clock rise edge)
                                                      0.000     0.000 r  
    E3                                                0.000     0.000 r  CLK100MHZ (IN)
                         net (fo=0)                   0.000     0.000    CLK100MHZ
    E3                   IBUF (Prop_ibuf_I_O)         1.411     1.411 r  CLK100MHZ_IBUF_inst/O
                         net (fo=2, routed)           1.920     3.331    CLK100MHZ_IBUF
    BUFGCTRL_X0Y17       BUFG (Prop_bufg_I_O)         0.091     3.422 r  CLK100MHZ_IBUF_BUFG_inst/O
                         net (fo=75, routed)          1.499     4.921    boardInterface/CLK
    SLICE_X44Y104        FDPE                                         r  boardInterface/resetSyncStage2_reg/C

Slack:                    inf
  Source:                 BTNC
                            (input port)
  Destination:            boardInterface/stepButton/buttonSyncStage1_reg/D
                            (rising edge-triggered cell FDRE clocked by board_clock  {rise@0.000ns fall@5.000ns period=10.000ns})
  Path Group:             (none)
  Path Type:              Setup (Max at Slow Process Corner)
  Data Path Delay:        3.894ns  (logic 1.477ns (37.921%)  route 2.417ns (62.079%))
  Logic Levels:           1  (IBUF=1)
  Clock Path Skew:        4.937ns (DCD - SCD + CPR)
    Destination Clock Delay (DCD):    4.937ns
    Source Clock Delay      (SCD):    0.000ns
    Clock Pessimism Removal (CPR):    0.000ns
  Clock Uncertainty:      0.025ns  ((TSJ^2 + TIJ^2)^1/2 + DJ) / 2 + PE
    Total System Jitter     (TSJ):    0.050ns
    Total Input Jitter      (TIJ):    0.000ns
    Discrete Jitter          (DJ):    0.000ns
    Phase Error              (PE):    0.000ns
  Timing Exception:       False Path

    Location             Delay type                Incr(ns)  Path(ns)    Netlist Resource(s)
  -------------------------------------------------------------------    -------------------
    N17                                               0.000     0.000 r  BTNC (IN)
                         net (fo=0)                   0.000     0.000    BTNC
    N17                  IBUF (Prop_ibuf_I_O)         1.477     1.477 r  BTNC_IBUF_inst/O
                         net (fo=1, routed)           2.417     3.894    boardInterface/stepButton/BTNC
    SLICE_X46Y99         FDRE                                         r  boardInterface/stepButton/buttonSyncStage1_reg/D
  -------------------------------------------------------------------    -------------------

                         (clock board_clock rise edge)
                                                      0.000     0.000 r  
    E3                                                0.000     0.000 r  CLK100MHZ (IN)
                         net (fo=0)                   0.000     0.000    CLK100MHZ
    E3                   IBUF (Prop_ibuf_I_O)         1.411     1.411 r  CLK100MHZ_IBUF_inst/O
                         net (fo=2, routed)           1.920     3.331    CLK100MHZ_IBUF
    BUFGCTRL_X0Y17       BUFG (Prop_bufg_I_O)         0.091     3.422 r  CLK100MHZ_IBUF_BUFG_inst/O
                         net (fo=75, routed)          1.514     4.937    boardInterface/stepButton/CLK
    SLICE_X46Y99         FDRE                                         r  boardInterface/stepButton/buttonSyncStage1_reg/C

Slack:                    inf
  Source:                 SW[2]
                            (input port)
  Destination:            boardInterface/switchSyncStage1_reg[2]/D
                            (rising edge-triggered cell FDRE clocked by board_clock  {rise@0.000ns fall@5.000ns period=10.000ns})
  Path Group:             (none)
  Path Type:              Setup (Max at Slow Process Corner)
  Data Path Delay:        3.731ns  (logic 1.485ns (39.800%)  route 2.246ns (60.200%))
  Logic Levels:           1  (IBUF=1)
  Clock Path Skew:        4.926ns (DCD - SCD + CPR)
    Destination Clock Delay (DCD):    4.926ns
    Source Clock Delay      (SCD):    0.000ns
    Clock Pessimism Removal (CPR):    0.000ns
  Clock Uncertainty:      0.025ns  ((TSJ^2 + TIJ^2)^1/2 + DJ) / 2 + PE
    Total System Jitter     (TSJ):    0.050ns
    Total Input Jitter      (TIJ):    0.000ns
    Discrete Jitter          (DJ):    0.000ns
    Phase Error              (PE):    0.000ns
  Timing Exception:       False Path

    Location             Delay type                Incr(ns)  Path(ns)    Netlist Resource(s)
  -------------------------------------------------------------------    -------------------
    M13                                               0.000     0.000 r  SW[2] (IN)
                         net (fo=0)                   0.000     0.000    SW[2]
    M13                  IBUF (Prop_ibuf_I_O)         1.485     1.485 r  SW_IBUF[2]_inst/O
                         net (fo=1, routed)           2.246     3.731    boardInterface/D[2]
    SLICE_X32Y104        FDRE                                         r  boardInterface/switchSyncStage1_reg[2]/D
  -------------------------------------------------------------------    -------------------

                         (clock board_clock rise edge)
                                                      0.000     0.000 r  
    E3                                                0.000     0.000 r  CLK100MHZ (IN)
                         net (fo=0)                   0.000     0.000    CLK100MHZ
    E3                   IBUF (Prop_ibuf_I_O)         1.411     1.411 r  CLK100MHZ_IBUF_inst/O
                         net (fo=2, routed)           1.920     3.331    CLK100MHZ_IBUF
    BUFGCTRL_X0Y17       BUFG (Prop_bufg_I_O)         0.091     3.422 r  CLK100MHZ_IBUF_BUFG_inst/O
                         net (fo=75, routed)          1.504     4.926    boardInterface/CLK
    SLICE_X32Y104        FDRE                                         r  boardInterface/switchSyncStage1_reg[2]/C

Slack:                    inf
  Source:                 SW[1]
                            (input port)
  Destination:            boardInterface/switchSyncStage1_reg[1]/D
                            (rising edge-triggered cell FDRE clocked by board_clock  {rise@0.000ns fall@5.000ns period=10.000ns})
  Path Group:             (none)
  Path Type:              Setup (Max at Slow Process Corner)
  Data Path Delay:        3.631ns  (logic 1.480ns (40.748%)  route 2.151ns (59.252%))
  Logic Levels:           1  (IBUF=1)
  Clock Path Skew:        4.926ns (DCD - SCD + CPR)
    Destination Clock Delay (DCD):    4.926ns
    Source Clock Delay      (SCD):    0.000ns
    Clock Pessimism Removal (CPR):    0.000ns
  Clock Uncertainty:      0.025ns  ((TSJ^2 + TIJ^2)^1/2 + DJ) / 2 + PE
    Total System Jitter     (TSJ):    0.050ns
    Total Input Jitter      (TIJ):    0.000ns
    Discrete Jitter          (DJ):    0.000ns
    Phase Error              (PE):    0.000ns
  Timing Exception:       False Path

    Location             Delay type                Incr(ns)  Path(ns)    Netlist Resource(s)
  -------------------------------------------------------------------    -------------------
    L16                                               0.000     0.000 r  SW[1] (IN)
                         net (fo=0)                   0.000     0.000    SW[1]
    L16                  IBUF (Prop_ibuf_I_O)         1.480     1.480 r  SW_IBUF[1]_inst/O
                         net (fo=1, routed)           2.151     3.631    boardInterface/D[1]
    SLICE_X32Y104        FDRE                                         r  boardInterface/switchSyncStage1_reg[1]/D
  -------------------------------------------------------------------    -------------------

                         (clock board_clock rise edge)
                                                      0.000     0.000 r  
    E3                                                0.000     0.000 r  CLK100MHZ (IN)
                         net (fo=0)                   0.000     0.000    CLK100MHZ
    E3                   IBUF (Prop_ibuf_I_O)         1.411     1.411 r  CLK100MHZ_IBUF_inst/O
                         net (fo=2, routed)           1.920     3.331    CLK100MHZ_IBUF
    BUFGCTRL_X0Y17       BUFG (Prop_bufg_I_O)         0.091     3.422 r  CLK100MHZ_IBUF_BUFG_inst/O
                         net (fo=75, routed)          1.504     4.926    boardInterface/CLK
    SLICE_X32Y104        FDRE                                         r  boardInterface/switchSyncStage1_reg[1]/C

Slack:                    inf
  Source:                 SW[0]
                            (input port)
  Destination:            boardInterface/switchSyncStage1_reg[0]/D
                            (rising edge-triggered cell FDRE clocked by board_clock  {rise@0.000ns fall@5.000ns period=10.000ns})
  Path Group:             (none)
  Path Type:              Setup (Max at Slow Process Corner)
  Data Path Delay:        3.319ns  (logic 1.478ns (44.524%)  route 1.841ns (55.476%))
  Logic Levels:           1  (IBUF=1)
  Clock Path Skew:        4.920ns (DCD - SCD + CPR)
    Destination Clock Delay (DCD):    4.920ns
    Source Clock Delay      (SCD):    0.000ns
    Clock Pessimism Removal (CPR):    0.000ns
  Clock Uncertainty:      0.025ns  ((TSJ^2 + TIJ^2)^1/2 + DJ) / 2 + PE
    Total System Jitter     (TSJ):    0.050ns
    Total Input Jitter      (TIJ):    0.000ns
    Discrete Jitter          (DJ):    0.000ns
    Phase Error              (PE):    0.000ns
  Timing Exception:       False Path

    Location             Delay type                Incr(ns)  Path(ns)    Netlist Resource(s)
  -------------------------------------------------------------------    -------------------
    J15                                               0.000     0.000 r  SW[0] (IN)
                         net (fo=0)                   0.000     0.000    SW[0]
    J15                  IBUF (Prop_ibuf_I_O)         1.478     1.478 r  SW_IBUF[0]_inst/O
                         net (fo=1, routed)           1.841     3.319    boardInterface/D[0]
    SLICE_X46Y100        FDRE                                         r  boardInterface/switchSyncStage1_reg[0]/D
  -------------------------------------------------------------------    -------------------

                         (clock board_clock rise edge)
                                                      0.000     0.000 r  
    E3                                                0.000     0.000 r  CLK100MHZ (IN)
                         net (fo=0)                   0.000     0.000    CLK100MHZ
    E3                   IBUF (Prop_ibuf_I_O)         1.411     1.411 r  CLK100MHZ_IBUF_inst/O
                         net (fo=2, routed)           1.920     3.331    CLK100MHZ_IBUF
    BUFGCTRL_X0Y17       BUFG (Prop_bufg_I_O)         0.091     3.422 r  CLK100MHZ_IBUF_BUFG_inst/O
                         net (fo=75, routed)          1.498     4.920    boardInterface/CLK
    SLICE_X46Y100        FDRE                                         r  boardInterface/switchSyncStage1_reg[0]/C





Min Delay Paths
--------------------------------------------------------------------------------------
Slack:                    inf
  Source:                 SW[0]
                            (input port)
  Destination:            boardInterface/switchSyncStage1_reg[0]/D
                            (rising edge-triggered cell FDRE clocked by board_clock  {rise@0.000ns fall@5.000ns period=10.000ns})
  Path Group:             (none)
  Path Type:              Hold (Min at Fast Process Corner)
  Data Path Delay:        1.024ns  (logic 0.245ns (23.958%)  route 0.779ns (76.042%))
  Logic Levels:           1  (IBUF=1)
  Clock Path Skew:        1.997ns (DCD - SCD - CPR)
    Destination Clock Delay (DCD):    1.997ns
    Source Clock Delay      (SCD):    0.000ns
    Clock Pessimism Removal (CPR):    -0.000ns
  Timing Exception:       False Path

    Location             Delay type                Incr(ns)  Path(ns)    Netlist Resource(s)
  -------------------------------------------------------------------    -------------------
    J15                                               0.000     0.000 r  SW[0] (IN)
                         net (fo=0)                   0.000     0.000    SW[0]
    J15                  IBUF (Prop_ibuf_I_O)         0.245     0.245 r  SW_IBUF[0]_inst/O
                         net (fo=1, routed)           0.779     1.024    boardInterface/D[0]
    SLICE_X46Y100        FDRE                                         r  boardInterface/switchSyncStage1_reg[0]/D
  -------------------------------------------------------------------    -------------------

                         (clock board_clock rise edge)
                                                      0.000     0.000 r  
    E3                                                0.000     0.000 r  CLK100MHZ (IN)
                         net (fo=0)                   0.000     0.000    CLK100MHZ
    E3                   IBUF (Prop_ibuf_I_O)         0.438     0.438 r  CLK100MHZ_IBUF_inst/O
                         net (fo=2, routed)           0.699     1.136    CLK100MHZ_IBUF
    BUFGCTRL_X0Y17       BUFG (Prop_bufg_I_O)         0.029     1.165 r  CLK100MHZ_IBUF_BUFG_inst/O
                         net (fo=75, routed)          0.832     1.997    boardInterface/CLK
    SLICE_X46Y100        FDRE                                         r  boardInterface/switchSyncStage1_reg[0]/C

Slack:                    inf
  Source:                 SW[1]
                            (input port)
  Destination:            boardInterface/switchSyncStage1_reg[1]/D
                            (rising edge-triggered cell FDRE clocked by board_clock  {rise@0.000ns fall@5.000ns period=10.000ns})
  Path Group:             (none)
  Path Type:              Hold (Min at Fast Process Corner)
  Data Path Delay:        1.237ns  (logic 0.247ns (20.004%)  route 0.989ns (79.996%))
  Logic Levels:           1  (IBUF=1)
  Clock Path Skew:        2.001ns (DCD - SCD - CPR)
    Destination Clock Delay (DCD):    2.001ns
    Source Clock Delay      (SCD):    0.000ns
    Clock Pessimism Removal (CPR):    -0.000ns
  Timing Exception:       False Path

    Location             Delay type                Incr(ns)  Path(ns)    Netlist Resource(s)
  -------------------------------------------------------------------    -------------------
    L16                                               0.000     0.000 r  SW[1] (IN)
                         net (fo=0)                   0.000     0.000    SW[1]
    L16                  IBUF (Prop_ibuf_I_O)         0.247     0.247 r  SW_IBUF[1]_inst/O
                         net (fo=1, routed)           0.989     1.237    boardInterface/D[1]
    SLICE_X32Y104        FDRE                                         r  boardInterface/switchSyncStage1_reg[1]/D
  -------------------------------------------------------------------    -------------------

                         (clock board_clock rise edge)
                                                      0.000     0.000 r  
    E3                                                0.000     0.000 r  CLK100MHZ (IN)
                         net (fo=0)                   0.000     0.000    CLK100MHZ
    E3                   IBUF (Prop_ibuf_I_O)         0.438     0.438 r  CLK100MHZ_IBUF_inst/O
                         net (fo=2, routed)           0.699     1.136    CLK100MHZ_IBUF
    BUFGCTRL_X0Y17       BUFG (Prop_bufg_I_O)         0.029     1.165 r  CLK100MHZ_IBUF_BUFG_inst/O
                         net (fo=75, routed)          0.836     2.001    boardInterface/CLK
    SLICE_X32Y104        FDRE                                         r  boardInterface/switchSyncStage1_reg[1]/C

Slack:                    inf
  Source:                 SW[2]
                            (input port)
  Destination:            boardInterface/switchSyncStage1_reg[2]/D
                            (rising edge-triggered cell FDRE clocked by board_clock  {rise@0.000ns fall@5.000ns period=10.000ns})
  Path Group:             (none)
  Path Type:              Hold (Min at Fast Process Corner)
  Data Path Delay:        1.273ns  (logic 0.253ns (19.865%)  route 1.020ns (80.135%))
  Logic Levels:           1  (IBUF=1)
  Clock Path Skew:        2.001ns (DCD - SCD - CPR)
    Destination Clock Delay (DCD):    2.001ns
    Source Clock Delay      (SCD):    0.000ns
    Clock Pessimism Removal (CPR):    -0.000ns
  Timing Exception:       False Path

    Location             Delay type                Incr(ns)  Path(ns)    Netlist Resource(s)
  -------------------------------------------------------------------    -------------------
    M13                                               0.000     0.000 r  SW[2] (IN)
                         net (fo=0)                   0.000     0.000    SW[2]
    M13                  IBUF (Prop_ibuf_I_O)         0.253     0.253 r  SW_IBUF[2]_inst/O
                         net (fo=1, routed)           1.020     1.273    boardInterface/D[2]
    SLICE_X32Y104        FDRE                                         r  boardInterface/switchSyncStage1_reg[2]/D
  -------------------------------------------------------------------    -------------------

                         (clock board_clock rise edge)
                                                      0.000     0.000 r  
    E3                                                0.000     0.000 r  CLK100MHZ (IN)
                         net (fo=0)                   0.000     0.000    CLK100MHZ
    E3                   IBUF (Prop_ibuf_I_O)         0.438     0.438 r  CLK100MHZ_IBUF_inst/O
                         net (fo=2, routed)           0.699     1.136    CLK100MHZ_IBUF
    BUFGCTRL_X0Y17       BUFG (Prop_bufg_I_O)         0.029     1.165 r  CLK100MHZ_IBUF_BUFG_inst/O
                         net (fo=75, routed)          0.836     2.001    boardInterface/CLK
    SLICE_X32Y104        FDRE                                         r  boardInterface/switchSyncStage1_reg[2]/C

Slack:                    inf
  Source:                 BTNC
                            (input port)
  Destination:            boardInterface/stepButton/buttonSyncStage1_reg/D
                            (rising edge-triggered cell FDRE clocked by board_clock  {rise@0.000ns fall@5.000ns period=10.000ns})
  Path Group:             (none)
  Path Type:              Hold (Min at Fast Process Corner)
  Data Path Delay:        1.322ns  (logic 0.244ns (18.496%)  route 1.077ns (81.504%))
  Logic Levels:           1  (IBUF=1)
  Clock Path Skew:        2.003ns (DCD - SCD - CPR)
    Destination Clock Delay (DCD):    2.003ns
    Source Clock Delay      (SCD):    0.000ns
    Clock Pessimism Removal (CPR):    -0.000ns
  Timing Exception:       False Path

    Location             Delay type                Incr(ns)  Path(ns)    Netlist Resource(s)
  -------------------------------------------------------------------    -------------------
    N17                                               0.000     0.000 r  BTNC (IN)
                         net (fo=0)                   0.000     0.000    BTNC
    N17                  IBUF (Prop_ibuf_I_O)         0.244     0.244 r  BTNC_IBUF_inst/O
                         net (fo=1, routed)           1.077     1.322    boardInterface/stepButton/BTNC
    SLICE_X46Y99         FDRE                                         r  boardInterface/stepButton/buttonSyncStage1_reg/D
  -------------------------------------------------------------------    -------------------

                         (clock board_clock rise edge)
                                                      0.000     0.000 r  
    E3                                                0.000     0.000 r  CLK100MHZ (IN)
                         net (fo=0)                   0.000     0.000    CLK100MHZ
    E3                   IBUF (Prop_ibuf_I_O)         0.438     0.438 r  CLK100MHZ_IBUF_inst/O
                         net (fo=2, routed)           0.699     1.136    CLK100MHZ_IBUF
    BUFGCTRL_X0Y17       BUFG (Prop_bufg_I_O)         0.029     1.165 r  CLK100MHZ_IBUF_BUFG_inst/O
                         net (fo=75, routed)          0.838     2.003    boardInterface/stepButton/CLK
    SLICE_X46Y99         FDRE                                         r  boardInterface/stepButton/buttonSyncStage1_reg/C

Slack:                    inf
  Source:                 CPU_RESETN
                            (input port)
  Destination:            boardInterface/resetSyncStage1_reg/PRE
                            (removal check against rising-edge clock board_clock  {rise@0.000ns fall@5.000ns period=10.000ns})
  Path Group:             (none)
  Path Type:              Removal (Min at Fast Process Corner)
  Data Path Delay:        1.870ns  (logic 0.320ns (17.093%)  route 1.550ns (82.907%))
  Logic Levels:           2  (IBUF=1 LUT1=1)
  Clock Path Skew:        1.997ns (DCD - SCD - CPR)
    Destination Clock Delay (DCD):    1.997ns
    Source Clock Delay      (SCD):    0.000ns
    Clock Pessimism Removal (CPR):    -0.000ns
  Timing Exception:       False Path

    Location             Delay type                Incr(ns)  Path(ns)    Netlist Resource(s)
  -------------------------------------------------------------------    -------------------
    C12                                               0.000     0.000 r  CPU_RESETN (IN)
                         net (fo=0)                   0.000     0.000    CPU_RESETN
    C12                  IBUF (Prop_ibuf_I_O)         0.275     0.275 r  CPU_RESETN_IBUF_inst/O
                         net (fo=1, routed)           1.373     1.648    boardInterface/CPU_RESETN_IBUF
    SLICE_X44Y104        LUT1 (Prop_lut1_I0_O)        0.045     1.693 f  boardInterface/resetSyncStage1_i_1/O
                         net (fo=2, routed)           0.177     1.870    boardInterface/resetSyncStage1_i_1_n_0
    SLICE_X44Y104        FDPE                                         f  boardInterface/resetSyncStage1_reg/PRE
  -------------------------------------------------------------------    -------------------

                         (clock board_clock rise edge)
                                                      0.000     0.000 r  
    E3                                                0.000     0.000 r  CLK100MHZ (IN)
                         net (fo=0)                   0.000     0.000    CLK100MHZ
    E3                   IBUF (Prop_ibuf_I_O)         0.438     0.438 r  CLK100MHZ_IBUF_inst/O
                         net (fo=2, routed)           0.699     1.136    CLK100MHZ_IBUF
    BUFGCTRL_X0Y17       BUFG (Prop_bufg_I_O)         0.029     1.165 r  CLK100MHZ_IBUF_BUFG_inst/O
                         net (fo=75, routed)          0.831     1.997    boardInterface/CLK
    SLICE_X44Y104        FDPE                                         r  boardInterface/resetSyncStage1_reg/C

Slack:                    inf
  Source:                 CPU_RESETN
                            (input port)
  Destination:            boardInterface/resetSyncStage2_reg/PRE
                            (removal check against rising-edge clock board_clock  {rise@0.000ns fall@5.000ns period=10.000ns})
  Path Group:             (none)
  Path Type:              Removal (Min at Fast Process Corner)
  Data Path Delay:        1.870ns  (logic 0.320ns (17.093%)  route 1.550ns (82.907%))
  Logic Levels:           2  (IBUF=1 LUT1=1)
  Clock Path Skew:        1.997ns (DCD - SCD - CPR)
    Destination Clock Delay (DCD):    1.997ns
    Source Clock Delay      (SCD):    0.000ns
    Clock Pessimism Removal (CPR):    -0.000ns
  Timing Exception:       False Path

    Location             Delay type                Incr(ns)  Path(ns)    Netlist Resource(s)
  -------------------------------------------------------------------    -------------------
    C12                                               0.000     0.000 r  CPU_RESETN (IN)
                         net (fo=0)                   0.000     0.000    CPU_RESETN
    C12                  IBUF (Prop_ibuf_I_O)         0.275     0.275 r  CPU_RESETN_IBUF_inst/O
                         net (fo=1, routed)           1.373     1.648    boardInterface/CPU_RESETN_IBUF
    SLICE_X44Y104        LUT1 (Prop_lut1_I0_O)        0.045     1.693 f  boardInterface/resetSyncStage1_i_1/O
                         net (fo=2, routed)           0.177     1.870    boardInterface/resetSyncStage1_i_1_n_0
    SLICE_X44Y104        FDPE                                         f  boardInterface/resetSyncStage2_reg/PRE
  -------------------------------------------------------------------    -------------------

                         (clock board_clock rise edge)
                                                      0.000     0.000 r  
    E3                                                0.000     0.000 r  CLK100MHZ (IN)
                         net (fo=0)                   0.000     0.000    CLK100MHZ
    E3                   IBUF (Prop_ibuf_I_O)         0.438     0.438 r  CLK100MHZ_IBUF_inst/O
                         net (fo=2, routed)           0.699     1.136    CLK100MHZ_IBUF
    BUFGCTRL_X0Y17       BUFG (Prop_bufg_I_O)         0.029     1.165 r  CLK100MHZ_IBUF_BUFG_inst/O
                         net (fo=75, routed)          0.831     1.997    boardInterface/CLK
    SLICE_X44Y104        FDPE                                         r  boardInterface/resetSyncStage2_reg/C





